base_name,indication,mg_per_dose,dosing_period,daily_dose,dosage_forms,ephmra_code
adalimumab,rheumatoid arthritis,40,every other week,2.86,10/0.1 syringe|20/0.2 syringe|20/0.4 syringe|40/0.4 pen|40/0.4 syringe|40/0.8 pen|40/0.8 syringe|80/0.8 pen|80/0.8 syringe,L4B (Anti-TNF Products)
adalimumab,psoriatic arthritis,40,every other week,2.86,10/0.1 syringe|20/0.2 syringe|20/0.4 syringe|40/0.4 pen|40/0.4 syringe|40/0.8 pen|40/0.8 syringe|80/0.8 pen|80/0.8 syringe,L4B (Anti-TNF Products)
adalimumab,ankylosing spondylitis,40,every other week,2.86,10/0.1 syringe|20/0.2 syringe|20/0.4 syringe|40/0.4 pen|40/0.4 syringe|40/0.8 pen|40/0.8 syringe|80/0.8 pen|80/0.8 syringe,L4B (Anti-TNF Products)
adalimumab,crohn's disease,40,every other week,2.86,10/0.1 syringe|20/0.2 syringe|20/0.4 syringe|40/0.4 pen|40/0.4 syringe|40/0.8 pen|40/0.8 syringe|80/0.8 pen|80/0.8 syringe,L4B (Anti-TNF Products)
adalimumab,ulcerative colitis,40,every other week,2.86,10/0.1 syringe|20/0.2 syringe|20/0.4 syringe|40/0.4 pen|40/0.4 syringe|40/0.8 pen|40/0.8 syringe|80/0.8 pen|80/0.8 syringe,L4B (Anti-TNF Products)
adalimumab,plaque psoriasis,40,every other week,2.86,10/0.1 syringe|20/0.2 syringe|20/0.4 syringe|40/0.4 pen|40/0.4 syringe|40/0.8 pen|40/0.8 syringe|80/0.8 pen|80/0.8 syringe,L4B (Anti-TNF Products)
adalimumab,uveitis,40,every other week,2.86,10/0.1 syringe|20/0.2 syringe|20/0.4 syringe|40/0.4 pen|40/0.4 syringe|40/0.8 pen|40/0.8 syringe|80/0.8 pen|80/0.8 syringe,L4B (Anti-TNF Products)
adalimumab,hidradenitis suppurativa,40,every week,5.71,10/0.1 syringe|20/0.2 syringe|20/0.4 syringe|40/0.4 pen|40/0.4 syringe|40/0.8 pen|40/0.8 syringe|80/0.8 pen|80/0.8 syringe,L4B (Anti-TNF Products)
ado-trastuzumab,HER2-positive breast cancer,252.0,every 3 weeks,12.0,100 vial|160 vial,L1G3 (Monoclonal Antibody Antineoplastics HER-2)
alemtuzumab,B-cell chronic lymphocytic leukemia (B-CLL),30,three times per week,12.86,30/1 vial|12/1.2 vial,L1G9 (Monoclonal Antibody Antineoplastics Other)
alemtuzumab,relapsing forms of multiple sclerosis,12,daily for 3 consecutive days annually after initial course,0.3,30/1 vial|12/1.2 vial,N7A (Multiple Sclerosis Products)
alirocumab,hypercholesterolemia including HeFH,75|150|300,every 2 weeks|every 4 weeks,3.75|7.5,75/1 pen|150/1 pen,C10A4 (PCSK9 Inhibitors)
alirocumab,HeFH undergoing LDL apheresis,150,every 2 weeks,7.5,75/1 pen|150/1 pen,C10A4 (PCSK9 Inhibitors)
alirocumab,HoFH,150,every 2 weeks,7.5,75/1 pen|150/1 pen,C10A4 (PCSK9 Inhibitors)
alirocumab,major adverse cardiovascular events prevention,75|150|300,every 2 weeks|every 4 weeks,3.75|7.5,75/1 pen|150/1 pen,C10A4 (PCSK9 Inhibitors)
amivantamab,First-line NSCLC with EGFR exon 19 deletions or exon 21 L858R substitution mutations (combination with lazertinib),1050|1400,every 2 weeks,75.0|100.0,350/7 vial,L1G4 (Monoclonal Antibody Antineoplastics EGFR)
amivantamab,Previously treated NSCLC with EGFR exon 19 deletions or exon 21 L858R substitution mutations (combination with carboplatin and pemetrexed),1750|2100,every 3 weeks,83.33|100.0,350/7 vial,L1G4 (Monoclonal Antibody Antineoplastics EGFR)
amivantamab,First-line NSCLC with EGFR exon 20 insertion mutations (combination with carboplatin and pemetrexed),1750|2100,every 3 weeks,83.33|100.0,350/7 vial,L1G4 (Monoclonal Antibody Antineoplastics EGFR)
amivantamab,Previously treated NSCLC with EGFR exon 20 insertion mutations (single agent),1050|1400,every 2 weeks,75.0|100.0,350/7 vial,L1G4 (Monoclonal Antibody Antineoplastics EGFR)
anifrolumab,moderate to severe systemic lupus erythematosus (SLE),300,every 4 weeks,10.71,300/2 vial,L4X (Other Immunosupressants)
ansuvimab,Orthoebolavirus zairense infection,3500,single dose,3500,400 vial,J5B9 (Antivirals Other)
atezolizumab,NSCLC (adjuvant),840|1200|1680|1875,every 2 weeks|every 3 weeks|every 4 weeks,30.86|89.3,840/14 vial|1200/20 vial|1875/15 vial,L1G5 (Monoclonal Antibody Antineoplastics PD-1/PD-L1)
atezolizumab,NSCLC (metastatic),840|1200|1680|1875,every 2 weeks|every 3 weeks|every 4 weeks,30.86|89.3,840/14 vial|1200/20 vial|1875/15 vial,L1G5 (Monoclonal Antibody Antineoplastics PD-1/PD-L1)
atezolizumab,SCLC,840|1200|1680|1875,every 2 weeks|every 3 weeks|every 4 weeks,30.86|89.3,840/14 vial|1200/20 vial|1875/15 vial,L1G5 (Monoclonal Antibody Antineoplastics PD-1/PD-L1)
atezolizumab,HCC,840|1200|1680|1875,every 2 weeks|every 3 weeks|every 4 weeks,30.86|89.3,840/14 vial|1200/20 vial|1875/15 vial,L1G5 (Monoclonal Antibody Antineoplastics PD-1/PD-L1)
atezolizumab,Melanoma,840|1200|1680|1875,every 2 weeks|every 3 weeks|every 4 weeks,30.86|89.3,840/14 vial|1200/20 vial|1875/15 vial,L1G5 (Monoclonal Antibody Antineoplastics PD-1/PD-L1)
atezolizumab,ASPS,840|1200|1680|1875,every 2 weeks|every 3 weeks|every 4 weeks,30.86|89.3,840/14 vial|1200/20 vial|1875/15 vial,L1G5 (Monoclonal Antibody Antineoplastics PD-1/PD-L1)
atoltivimab,Orthoebolavirus zairense infection,3500,single dose,3500,16.67/16.67/16.67 per mL vial|33.33/33.33/33.33 per mL vial,J5B9 (Antivirals Other)
avelumab,Merkel Cell Carcinoma,800,every 2 weeks,57.14,200/10 vial,L1G5 (Monoclonal Antibody Antineoplastics PD-1/PD-L1)
avelumab,Urothelial Carcinoma,800,every 2 weeks,57.14,200/10 vial,L1G5 (Monoclonal Antibody Antineoplastics PD-1/PD-L1)
avelumab,Renal Cell Carcinoma,800,every 2 weeks,57.14,200/10 vial,L1G5 (Monoclonal Antibody Antineoplastics PD-1/PD-L1)
axatilimab,chronic graft-versus-host disease (cGVHD) after failure of at least two prior lines of systemic therapy,21.0,every 2 weeks,1.5,9/0.18 vial|22/0.44 vial|50/mL vial,L4X (Other Immunosupressants)
basiliximab,prophylaxis of acute organ rejection in renal transplantation,20.0,single course (2 doses total),0.11,10 vial|20 vial,L4X (Other Immunosupressants)
belantamab,"relapsed or refractory multiple myeloma who have received at least two prior lines of therapy, including a proteasome inhibitor and an immunomodulatory agent",175,every 3 weeks,8.33,70 vial,L1G9 (Monoclonal Antibody Antineoplastics Other)
belimumab,Active systemic lupus erythematosus (SLE),700|200,every 4 weeks|weekly,18.15|28.57,120 vial|400 vial|200 autoinjector|200 prefilled syringe,L4X (Other Immunosupressants)
belimumab,Active lupus nephritis,700|200,every 4 weeks|weekly,18.15|28.57,120 vial|400 vial|200 autoinjector|200 prefilled syringe,L4X (Other Immunosupressants)
benralizumab,Severe asthma with eosinophilic phenotype,30,every 8 weeks,2.31,30/1 syringe|30/1 pen,R3M (Interleukin Inhibitor Anti-Asthmatics)
benralizumab,Eosinophilic granulomatosis with polyangiitis (EGPA),30,every 4 weeks,4.62,30/1 syringe|30/1 pen,L4C (Interleukin Inhibitors)
bevacizumab,Metastatic colorectal cancer (with bolus-IFL),350,every 2 weeks,13.46|25.0|17.86,100/4 vial|400/16 vial,L1G2 (Monoclonal Antibody Antineoplastics VEGF/VEGFR)
bevacizumab,Metastatic colorectal cancer (with FOLFOX4),700,every 2 weeks,26.92|50.0|35.71,100/4 vial|400/16 vial,L1G2 (Monoclonal Antibody Antineoplastics VEGF/VEGFR)
bevacizumab,"Metastatic colorectal cancer (second-line, every 2 weeks)",350,every 2 weeks,13.46|25.0,100/4 vial|400/16 vial,L1G2 (Monoclonal Antibody Antineoplastics VEGF/VEGFR)
bevacizumab,"Metastatic colorectal cancer (second-line, every 3 weeks)",525,every 3 weeks,25.0|15.0,100/4 vial|400/16 vial,L1G2 (Monoclonal Antibody Antineoplastics VEGF/VEGFR)
bevacizumab,First-line non-squamous non-small cell lung cancer,1050,every 3 weeks,50.0|30.0,100/4 vial|400/16 vial,L1G2 (Monoclonal Antibody Antineoplastics VEGF/VEGFR)
bevacizumab,Recurrent glioblastoma,700,every 2 weeks,26.92|50.0,100/4 vial|400/16 vial,L1G2 (Monoclonal Antibody Antineoplastics VEGF/VEGFR)
bevacizumab,Metastatic renal cell carcinoma,700,every 2 weeks,26.92|50.0,100/4 vial|400/16 vial,L1G2 (Monoclonal Antibody Antineoplastics VEGF/VEGFR)
bevacizumab,"Persistent, recurrent, or metastatic cervical cancer",1050,every 3 weeks,50.0|30.0,100/4 vial|400/16 vial,L1G2 (Monoclonal Antibody Antineoplastics VEGF/VEGFR)
bevacizumab,"Platinum-resistant recurrent epithelial ovarian, fallopian tube or primary peritoneal cancer",700|1050,every 2 weeks|every 3 weeks,26.92|50.0,100/4 vial|400/16 vial,L1G2 (Monoclonal Antibody Antineoplastics VEGF/VEGFR)
bevacizumab,"Stage III or IV epithelial ovarian, fallopian tube or primary peritoneal cancer",1050|700,every 3 weeks|every 2 weeks,50.0|26.92|30.0,100/4 vial|400/16 vial,L1G2 (Monoclonal Antibody Antineoplastics VEGF/VEGFR)
bevacizumab,Platinum-sensitive recurrent epithelial ovarian cancer,1050,every 3 weeks,50.0,100/4 vial|400/16 vial,L1G2 (Monoclonal Antibody Antineoplastics VEGF/VEGFR)
bezlotoxumab,Clostridioides difficile infection (CDI) recurrence reduction,700,single dose,1.92,1000/40 vial,A7A (Intestinal Anti-infectives)
bimekizumab,plaque psoriasis,320,every 8 weeks,6.15,160/1 syringe|160/1 autoinjector|320/2 syringe|320/2 autoinjector,L4C (Interleukin Inhibitors)
bimekizumab,plaque psoriasis (≥120 kg),320,every 4 weeks,11.43,160/1 syringe|160/1 autoinjector|320/2 syringe|320/2 autoinjector,L4C (Interleukin Inhibitors)
bimekizumab,psoriatic arthritis,160,every 4 weeks,5.71,160/1 syringe|160/1 autoinjector|320/2 syringe|320/2 autoinjector,L4C (Interleukin Inhibitors)
bimekizumab,non-radiographic axial spondyloarthritis,160,every 4 weeks,5.71,160/1 syringe|160/1 autoinjector|320/2 syringe|320/2 autoinjector,L4C (Interleukin Inhibitors)
bimekizumab,ankylosing spondylitis,160,every 4 weeks,5.71,160/1 syringe|160/1 autoinjector|320/2 syringe|320/2 autoinjector,L4C (Interleukin Inhibitors)
bimekizumab,hidradenitis suppurativa,320,every 4 weeks,11.43,160/1 syringe|160/1 autoinjector|320/2 syringe|320/2 autoinjector,L4C (Interleukin Inhibitors)
blinatumomab,B-cell Precursor ALL,28.0,"daily for 28 days, then 14 days off (42-day cycles) or daily for 28 days, then 14 days off (42-day cycles for consolidation), then 28 days on/56 days off (84-day cycles for continued therapy)",18.67,35 mcg vial,L1G9 (Monoclonal Antibody Antineoplastics Other)
brentuximab,Previously untreated Stage III or IV classical Hodgkin lymphoma in combination with chemotherapy,84,every 2 weeks,3.12,50 vial,L1G9 (Monoclonal Antibody Antineoplastics Other)
brentuximab,Classical Hodgkin lymphoma consolidation,126,every 3 weeks,2.76,50 vial,L1G9 (Monoclonal Antibody Antineoplastics Other)
brentuximab,Relapsed classical Hodgkin lymphoma,126,every 3 weeks,2.76,50 vial,L1G9 (Monoclonal Antibody Antineoplastics Other)
brentuximab,Previously untreated systemic ALCL or other CD30-expressing peripheral T-cell lymphomas in combination with chemotherapy,126,every 3 weeks,2.76,50 vial,L1G9 (Monoclonal Antibody Antineoplastics Other)
brentuximab,Relapsed systemic ALCL,126,every 3 weeks,2.76,50 vial,L1G9 (Monoclonal Antibody Antineoplastics Other)
brentuximab,Relapsed primary cutaneous ALCL or CD30-expressing mycosis fungoides,126,every 3 weeks,2.76,50 vial,L1G9 (Monoclonal Antibody Antineoplastics Other)
brentuximab,Relapsed or refractory LBCL in combination with lenalidomide and rituximab,84,every 3 weeks,1.84,50 vial,L1G9 (Monoclonal Antibody Antineoplastics Other)
brodalumab,moderate to severe plaque psoriasis,210,every 2 weeks,15.0,210/1.5 syringe,L4C (Interleukin Inhibitors)
brolucizumab,Neovascular (Wet) Age-Related Macular Degeneration (AMD),6,every 8-12 weeks,0.59,6/0.05 pre-filled syringe|6/0.05 vial,S1P (Ocular Antineovascularisation Products)
brolucizumab,Diabetic Macular Edema (DME),6,every 8-12 weeks,0.59,6/0.05 pre-filled syringe|6/0.05 vial,S1P (Ocular Antineovascularisation Products)
burosumab,X-linked hypophosphatemia (XLH),70,every 4 weeks,6.73,10/1 vial|20/1 vial|30/1 vial,M5X (All Other Musculoskeletal Products)
burosumab,Tumor-induced osteomalacia (TIO),35,every 4 weeks,3.36,10/1 vial|20/1 vial|30/1 vial,M5X (All Other Musculoskeletal Products)
caplacizumab,acquired thrombotic thrombocytopenic purpura (aTTP),11,daily,11,11 vial,B1X (Other Antithrombotic Agents)
cemiplimab,Cutaneous Squamous Cell Carcinoma (metastatic or locally advanced),350,every 3 weeks,16.67,350/7 vial,L1G5 (Monoclonal Antibody Antineoplastics PD-1/PD-L1)
cemiplimab,Cutaneous Squamous Cell Carcinoma (adjuvant treatment),350,"every 3 weeks for 12 weeks, then 700mg every 6 weeks",16.67,350/7 vial,L1G5 (Monoclonal Antibody Antineoplastics PD-1/PD-L1)
cemiplimab,Basal Cell Carcinoma (locally advanced or metastatic),350,every 3 weeks,16.67,350/7 vial,L1G5 (Monoclonal Antibody Antineoplastics PD-1/PD-L1)
cemiplimab,Non-Small Cell Lung Cancer,350,every 3 weeks,16.67,350/7 vial,L1G5 (Monoclonal Antibody Antineoplastics PD-1/PD-L1)
certolizumab,Crohn's Disease,400,every 4 weeks,14.29,200 lyophilized powder vial|200/1 prefilled syringe,L4B (Anti-TNF Products)
certolizumab,Rheumatoid Arthritis,200|400,every other week|every 4 weeks,14.29,200 lyophilized powder vial|200/1 prefilled syringe,L4B (Anti-TNF Products)
certolizumab,Psoriatic Arthritis,200|400,every other week|every 4 weeks,14.29,200 lyophilized powder vial|200/1 prefilled syringe,L4B (Anti-TNF Products)
certolizumab,Ankylosing Spondylitis,200|400,every 2 weeks|every 4 weeks,14.29,200 lyophilized powder vial|200/1 prefilled syringe,L4B (Anti-TNF Products)
certolizumab,Non-radiographic Axial Spondyloarthritis,200|400,every 2 weeks|every 4 weeks,14.29,200 lyophilized powder vial|200/1 prefilled syringe,L4B (Anti-TNF Products)
certolizumab,Plaque Psoriasis,400|200,every other week,28.57|14.29,200 lyophilized powder vial|200/1 prefilled syringe,L4B (Anti-TNF Products)
cetuximab,Squamous Cell Carcinoma of the Head and Neck,425|850,weekly|every 2 weeks,60.7,100/50 vial|200/100 vial,L1G4 (Monoclonal Antibody Antineoplastics EGFR)
cetuximab,K-Ras Wild-type Colorectal Cancer,425|850,weekly|every 2 weeks,60.7,100/50 vial|200/100 vial,L1G4 (Monoclonal Antibody Antineoplastics EGFR)
cetuximab,BRAF V600E Mutation-Positive Metastatic Colorectal Cancer,425,weekly,60.7,100/50 vial|200/100 vial,L1G4 (Monoclonal Antibody Antineoplastics EGFR)
concizumab,hemophilia A (congenital factor VIII deficiency) with or without FVIII inhibitors,14.0,daily,14.0,60/1.5 pen|150/1.5 pen|300/3 pen,B2D3 (Haemophilia Anti-Inhibitor Products)
concizumab,hemophilia B (congenital factor IX deficiency) with or without FIX inhibitors,14.0,daily,14.0,60/1.5 pen|150/1.5 pen|300/3 pen,B2D3 (Haemophilia Anti-Inhibitor Products)
cosibelimab,metastatic cutaneous squamous cell carcinoma (mCSCC) or locally advanced CSCC (laCSCC),1200,every 3 weeks,57.14,300/5 vial,L1G5 (Monoclonal Antibody Antineoplastics PD-1/PD-L1)
crizanlizumab,sickle cell disease - reduce frequency of vaso-occlusive crises,350,every 4 weeks,12.5,100/10 vial,B6X (Other Haematological Agents)
crovalimab,paroxysmal nocturnal hemoglobinuria (PNH),680|1020,every 4 weeks,17.14|25.71,340/2 vial,L6X (Other Haematological Agents)
daratumumab,multiple myeloma monotherapy,1120|1800,every 4 weeks,40|46.15,100/5 vial|400/20 vial|1800/15 vial,L1G9 (Monoclonal Antibody Antineoplastics Other)
daratumumab,multiple myeloma in combination with lenalidomide and dexamethasone,1120|1800,every 4 weeks,40|46.15,100/5 vial|400/20 vial|1800/15 vial,L1G9 (Monoclonal Antibody Antineoplastics Other)
daratumumab,"multiple myeloma in combination with bortezomib, melphalan and prednisone",1120|1800,every 4 weeks,40|46.15,100/5 vial|400/20 vial|1800/15 vial,L1G9 (Monoclonal Antibody Antineoplastics Other)
daratumumab,multiple myeloma in combination with bortezomib and dexamethasone,1120|1800,every 4 weeks,40|46.15,100/5 vial|400/20 vial|1800/15 vial,L1G9 (Monoclonal Antibody Antineoplastics Other)
daratumumab,multiple myeloma in combination with carfilzomib and dexamethasone,1120|1800,every 4 weeks,40|46.15,100/5 vial|400/20 vial|1800/15 vial,L1G9 (Monoclonal Antibody Antineoplastics Other)
daratumumab,multiple myeloma in combination with pomalidomide and dexamethasone,1120|1800,every 4 weeks,40|46.15,100/5 vial|400/20 vial|1800/15 vial,L1G9 (Monoclonal Antibody Antineoplastics Other)
daratumumab,"multiple myeloma in combination with bortezomib, lenalidomide, and dexamethasone",1800,every 4 weeks,46.15,100/5 vial|400/20 vial|1800/15 vial,L1G9 (Monoclonal Antibody Antineoplastics Other)
daratumumab,high-risk smoldering multiple myeloma monotherapy,1800,every 4 weeks,46.15,100/5 vial|400/20 vial|1800/15 vial,L1G9 (Monoclonal Antibody Antineoplastics Other)
daratumumab,"light chain amyloidosis in combination with bortezomib, cyclophosphamide and dexamethasone",1800,every 4 weeks,46.15,100/5 vial|400/20 vial|1800/15 vial,L1G9 (Monoclonal Antibody Antineoplastics Other)
datopotamab,Locally Advanced or Metastatic EGFR-Mutated Non-Small Cell Lung Cancer (NSCLC),420,every 3 weeks,20.0,100 vial,L1G9 (Monoclonal Antibody Antineoplastics Other)
datopotamab,"Unresectable or Metastatic, HR-Positive, HER2-Negative Breast Cancer",420,every 3 weeks,20.0,100 vial,L1G9 (Monoclonal Antibody Antineoplastics Other)
denosumab,postmenopausal women with osteoporosis at high risk for fracture,60,every 6 months,0.33,60/1 prefilled syringe,M5B9 (Other Bone Calcium Regulators)
denosumab,men with osteoporosis at high risk for fracture,60,every 6 months,0.33,60/1 prefilled syringe,M5B9 (Other Bone Calcium Regulators)
denosumab,glucocorticoid-induced osteoporosis in men and women at high risk for fracture,60,every 6 months,0.33,60/1 prefilled syringe,M5B9 (Other Bone Calcium Regulators)
denosumab,men at high risk for fracture receiving androgen deprivation therapy for nonmetastatic prostate cancer,60,every 6 months,0.33,60/1 prefilled syringe,M5B9 (Other Bone Calcium Regulators)
denosumab,women at high risk for fracture receiving adjuvant aromatase inhibitor therapy for breast cancer,60,every 6 months,0.33,60/1 prefilled syringe,M5B9 (Other Bone Calcium Regulators)
denosumab,Multiple Myeloma and Bone Metastasis from Solid Tumors,120,every 4 weeks,6.43|6.92,120/1.7 vial|120/1.7 syringe,M5B9 (Other Bone Calcium Regulators)
denosumab,Giant Cell Tumor of Bone,120,every 4 weeks,6.43|6.92,120/1.7 vial|120/1.7 syringe,M5B9 (Other Bone Calcium Regulators)
denosumab,Hypercalcemia of Malignancy,120,every 4 weeks,6.43|6.92,120/1.7 vial|120/1.7 syringe,M5B9 (Other Bone Calcium Regulators)
depemokimab,severe asthma characterized by an eosinophilic phenotype,100,every 6 months,0.55,100/1 pen|100/1 syringe,R3M (Interleukin Inhibitor Anti-Asthmatics)
donanemab,Alzheimer's disease,1400,every 4 weeks,50,350/20 vial,N7D9 (All Other Anti-Alzheimer Products)
dostarlimab,Primary advanced or recurrent endometrial cancer (combination therapy),500,every 3 weeks for 6 cycles then 1000 mg every 6 weeks,86.3,500/10 vial,L1G5 (Monoclonal Antibody Antineoplastics PD-1/PD-L1)
dostarlimab,dMMR recurrent or advanced endometrial cancer (monotherapy),500,every 3 weeks for 4 cycles then 1000 mg every 6 weeks,86.3,500/10 vial,L1G5 (Monoclonal Antibody Antineoplastics PD-1/PD-L1)
dostarlimab,dMMR recurrent or advanced solid tumors (monotherapy),500,every 3 weeks for 4 cycles then 1000 mg every 6 weeks,86.3,500/10 vial,L1G5 (Monoclonal Antibody Antineoplastics PD-1/PD-L1)
eculizumab,PNH,900,every 2 weeks,64.29|64.3,300/30 vial,L4E (Complement Inhibitors)
eculizumab,aHUS,1200,every 2 weeks,85.71|85.7,300/30 vial,L4E (Complement Inhibitors)
eculizumab,gMG,1200,every 2 weeks,85.71|85.7,300/30 vial,L4E (Complement Inhibitors)
eculizumab,NMOSD,1200,every 2 weeks,85.71,300/30 vial,L4E (Complement Inhibitors)
emapalumab,Primary hemophagocytic lymphohistiocytosis,70.0,twice weekly,20.0,10/2 vial|50/10 vial|100/20 vial|50/2 vial|100/4 vial|250/10 vial|500/20 vial,L4X (Other Immunosuppressants)
emapalumab,HLH/macrophage activation syndrome in Still's disease,60.0,twice weekly,120.0,10/2 vial|50/10 vial|100/20 vial|50/2 vial|100/4 vial|250/10 vial|500/20 vial,L4X (Other Immunosuppressants)
emicizumab,hemophilia A prophylaxis,105|210|420,weekly|every 2 weeks|every 4 weeks,15.0,12/0.4|30/1|60/0.4|105/0.7|150/1|300/2,B2D1 (Factor VIII Including Substitutes)
enfortumab,Muscle Invasive Bladder Cancer (MIBC) - combination therapy,87.5,days 1 and 8 of 21-day cycle,8.33,20 vial|30 vial,L1G9 (Monoclonal Antibody Antineoplastics Other)
enfortumab,Locally advanced or metastatic Urothelial Cancer (mUC) - combination therapy,87.5,days 1 and 8 of 21-day cycle,8.33,20 vial|30 vial,L1G9 (Monoclonal Antibody Antineoplastics Other)
enfortumab,Locally advanced or metastatic Urothelial Cancer (mUC) - single agent,87.5,"days 1, 8, and 15 of 28-day cycle",11.16,20 vial|30 vial,L1G9 (Monoclonal Antibody Antineoplastics Other)
epcoritamab,DLBCL and High-grade B-cell Lymphoma,48,monthly,1.58,4/0.8 vial|48/0.8 vial,L1G1 (Monoclonal Antibody Antineoplastics CD20)
epcoritamab,Follicular Lymphoma,48,monthly,1.58,4/0.8 vial|48/0.8 vial,L1G1 (Monoclonal Antibody Antineoplastics CD20)
eptinezumab,preventive treatment of migraine,100|300,every 3 months,1.1|3.29,100/mL vial,N2C2 (Anti-Migraine CGRP Antagonists)
erenumab,preventive treatment of migraine,70|140,once monthly,2.33|4.66,70/1 autoinjector|70/1 syringe|140/1 autoinjector|140/1 syringe,N2C2 (Anti-Migraine CGRP Antagonists)
evinacumab,homozygous familial hypercholesterolemia,1050,monthly,34.25,345/2.3 vial|1200/8 vial,C10A9 (Lipid-Regulating Products Other)
evolocumab,CV risk reduction,140|420,every 2 weeks|monthly,10.0|11.51,140/1 autoinjector|140/1 syringe|420/3.5 on-body infusor,C10A4 (PCSK9 Inhibitors)
evolocumab,hypercholesterolemia,140|420,every 2 weeks|monthly,10.0|11.51,140/1 autoinjector|140/1 syringe|420/3.5 on-body infusor,C10A4 (PCSK9 Inhibitors)
evolocumab,HeFH,140|420,every 2 weeks|monthly,10.0|11.51,140/1 autoinjector|140/1 syringe|420/3.5 on-body infusor,C10A4 (PCSK9 Inhibitors)
evolocumab,HoFH,420,monthly|every 2 weeks,11.51|20.0,140/1 autoinjector|140/1 syringe|420/3.5 on-body infusor,C10A4 (PCSK9 Inhibitors)
fam-trastuzumab,HER2-Positive Metastatic Breast Cancer,378,every 3 weeks,18,100 vial,L1G3 (Monoclonal Antibody Antineoplastics HER-2)
fam-trastuzumab,HER2-Low Metastatic Breast Cancer,378,every 3 weeks,18,100 vial,L1G3 (Monoclonal Antibody Antineoplastics HER-2)
fam-trastuzumab,HER2-Ultralow Metastatic Breast Cancer,378,every 3 weeks,18,100 vial,L1G3 (Monoclonal Antibody Antineoplastics HER-2)
fam-trastuzumab,HER2-Mutant Unresectable or Metastatic Non-Small Cell Lung Cancer,378,every 3 weeks,18,100 vial,L1G3 (Monoclonal Antibody Antineoplastics HER-2)
fam-trastuzumab,HER2-Positive Locally Advanced or Metastatic Gastric Cancer,448,every 3 weeks,21.3,100 vial,L1G3 (Monoclonal Antibody Antineoplastics HER-2)
fam-trastuzumab,HER2-Positive (IHC 3+) Unresectable or Metastatic Solid Tumors,378,every 3 weeks,18,100 vial,L1G3 (Monoclonal Antibody Antineoplastics HER-2)
faricimab,Neovascular (Wet) Age-Related Macular Degeneration (nAMD),6,every 8-16 weeks,0.14,6/0.05 prefilled syringe|6/0.05 vial,S1P (Ocular Antineovascularisation Products)
faricimab,Diabetic Macular Edema (DME),6,every 4-8 weeks,0.28,6/0.05 prefilled syringe|6/0.05 vial,S1P (Ocular Antineovascularisation Products)
faricimab,Macular Edema Following Retinal Vein Occlusion (RVO),6,every 4 weeks,0.55,6/0.05 prefilled syringe|6/0.05 vial,S1P (Ocular Antineovascularisation Products)
fremanezumab,preventive treatment of migraine in adults,225|675,monthly|every 3 months,7.4,225/1.5 autoinjector|225/1.5 syringe,N2C2 (Anti-Migraine CGRP Antagonists)
galcanezumab,migraine prevention,120,monthly,3.95,120/1 pen|120/1 syringe|100/1 syringe,N2C2 (Anti-Migraine CGRP Antagonists)
galcanezumab,episodic cluster headache,300,monthly,9.86,120/1 pen|120/1 syringe|100/1 syringe,N2C2 (Anti-Migraine CGRP Antagonists)
garadacimab,hereditary angioedema (HAE) prophylaxis,200,monthly,6.58,200/1.2 autoinjector|200/1.2 syringe,B6D (Hereditary Angioedema Products)
gemtuzumab,newly-diagnosed CD33-positive AML (combination regimen),5.1,consolidation cycles,0.03,4.5 vial,L1G9 (Monoclonal Antibody Antineoplastics Other)
gemtuzumab,newly-diagnosed CD33-positive AML (single-agent regimen),3.4,every 4 weeks,0.31,4.5 vial,L1G9 (Monoclonal Antibody Antineoplastics Other)
gemtuzumab,relapsed or refractory CD33-positive AML,5.1,single course,0.04,4.5 vial,L1G9 (Monoclonal Antibody Antineoplastics Other)
glofitamab,"relapsed or refractory diffuse large B-cell lymphoma, not otherwise specified (DLBCL, NOS) or large B-cell lymphoma (LBCL) arising from follicular lymphoma, after two or more lines of systemic therapy",30,every 21 days,1.43,2.5/2.5 vial|10/10 vial,L1G1 (Monoclonal Antibody Antineoplastics CD20)
golimumab,rheumatoid arthritis,50|140,every 4 weeks|every 8 weeks,1.37|12.32,50/0.5 syringe|100/1.0 syringe|50/0.5 autoinjector|100/1.0 autoinjector|50/4 vial,L4B (Anti-TNF Products)
golimumab,psoriatic arthritis,50|140,every 4 weeks|every 8 weeks,1.37|12.32,50/0.5 syringe|100/1.0 syringe|50/0.5 autoinjector|100/1.0 autoinjector|50/4 vial,L4B (Anti-TNF Products)
golimumab,ankylosing spondylitis,50|140,every 4 weeks|every 8 weeks,1.37|12.32,50/0.5 syringe|100/1.0 syringe|50/0.5 autoinjector|100/1.0 autoinjector|50/4 vial,L4B (Anti-TNF Products)
golimumab,ulcerative colitis,100,every 4 weeks,2.74,50/0.5 syringe|100/1.0 syringe|50/0.5 autoinjector|100/1.0 autoinjector|50/4 vial,L4B (Anti-TNF Products)
guselkumab,plaque psoriasis,100,every 8 weeks,8.93,100/1 pen|100/1 syringe|100/1 injector|200/2 pen|200/2 syringe,L4C (Interleukin Inhibitors)
guselkumab,psoriatic arthritis,100,every 8 weeks,8.93,100/1 pen|100/1 syringe|100/1 injector|200/2 pen|200/2 syringe,L4C (Interleukin Inhibitors)
guselkumab,ulcerative colitis,100|200,every 8 weeks|every 4 weeks,8.93|17.86,100/1 pen|100/1 syringe|100/1 injector|200/2 pen|200/2 syringe,L4C (Interleukin Inhibitors)
guselkumab,crohn's disease,100|200,every 8 weeks|every 4 weeks,8.93|17.86,100/1 pen|100/1 syringe|100/1 injector|200/2 pen|200/2 syringe,L4C (Interleukin Inhibitors)
ibalizumab,HIV-1 infection in heavily treatment-experienced adults with multidrug resistant HIV-1 infection failing their current antiretroviral regimen,800,every 2 weeks,57.14,injection,J5C4 (HIV Antivirals Entry Inhibitors)
ibritumomab,"relapsed or refractory, low-grade or follicular B-cell non-Hodgkin's lymphoma",224,single course,0.61,3.2/2 vial,L1G1 (Monoclonal Antibody Antineoplastics CD20)
ibritumomab,previously untreated follicular NHL who achieve partial or complete response to first-line chemotherapy,224,single course,0.61,3.2/2 vial,L1G1 (Monoclonal Antibody Antineoplastics CD20)
idarucizumab,emergency surgery/urgent procedures or life-threatening bleeding,5000,single dose,0,2.5/50 vial,B2B9 (Antidotes to Anticoagulants Other)
inebilizumab,Neuromyelitis optica spectrum disorder (NMOSD),300,every 6 months,1.64,100/10 vial,N7X (All Other CNS Drugs)
inebilizumab,Immunoglobulin G4-related disease (IgG4-RD),300,every 6 months,1.64,100/10 vial,N7X (All Other CNS Drugs)
inebilizumab,Generalized myasthenia gravis (gMG),300,every 6 months,1.64,100/10 vial,N7X (All Other CNS Drugs)
infliximab,crohn's disease,350|700|120,every 8 weeks|every two weeks,22.32|44.64|4.38,100 vial|120/mL prefilled syringe|120/mL prefilled syringe with needle guard|120/mL prefilled pen,L4B (Anti-TNF Products)
infliximab,ulcerative colitis,350|120,every 8 weeks|every two weeks,22.32|4.38,100 vial|120/mL prefilled syringe|120/mL prefilled syringe with needle guard|120/mL prefilled pen,L4B (Anti-TNF Products)
infliximab,rheumatoid arthritis,210|700,every 8 weeks|every 4 weeks,13.39|44.64|26.79,100 vial|120/mL prefilled syringe|120/mL prefilled syringe with needle guard|120/mL prefilled pen,L4B (Anti-TNF Products)
infliximab,ankylosing spondylitis,350,every 6 weeks,29.76,100 vial|120/mL prefilled syringe|120/mL prefilled syringe with needle guard|120/mL prefilled pen,L4B (Anti-TNF Products)
infliximab,psoriatic arthritis,350,every 8 weeks,22.32,100 vial|120/mL prefilled syringe|120/mL prefilled syringe with needle guard|120/mL prefilled pen,L4B (Anti-TNF Products)
infliximab,plaque psoriasis,350,every 8 weeks,22.32,100 vial|120/mL prefilled syringe|120/mL prefilled syringe with needle guard|120/mL prefilled pen,L4B (Anti-TNF Products)
inotuzumab,relapsed or refractory CD22-positive B-cell precursor acute lymphoblastic leukemia (ALL),0.85,day 1 of 28-day cycle|day 8 of 28-day cycle|day 15 of 28-day cycle,0.03,0.9 vial,L1G9 (Monoclonal Antibody Antineoplastics Other)
ipilimumab,Unresectable or Metastatic Melanoma,210,every 3 weeks,10.0,50/10 vial|200/40 vial,L1G9 (Monoclonal Antibody Antineoplastics Other)
ipilimumab,Adjuvant Treatment of Melanoma,210,every 12 weeks,2.5,50/10 vial|200/40 vial,L1G9 (Monoclonal Antibody Antineoplastics Other)
ipilimumab,Advanced Renal Cell Carcinoma,70,every 3 weeks,3.33,50/10 vial|200/40 vial,L1G9 (Monoclonal Antibody Antineoplastics Other)
ipilimumab,MSI-H or dMMR Colorectal Cancer,70,every 3 weeks,3.33,50/10 vial|200/40 vial,L1G9 (Monoclonal Antibody Antineoplastics Other)
ipilimumab,Hepatocellular Carcinoma,210,every 3 weeks,10.0,50/10 vial|200/40 vial,L1G9 (Monoclonal Antibody Antineoplastics Other)
ipilimumab,Metastatic Non-Small Cell Lung Cancer,70,every 6 weeks,1.67,50/10 vial|200/40 vial,L1G9 (Monoclonal Antibody Antineoplastics Other)
ipilimumab,Malignant Pleural Mesothelioma,70,every 6 weeks,1.67,50/10 vial|200/40 vial,L1G9 (Monoclonal Antibody Antineoplastics Other)
ipilimumab,Esophageal Squamous Cell Carcinoma,70,every 6 weeks,1.67,50/10 vial|200/40 vial,L1G9 (Monoclonal Antibody Antineoplastics Other)
isatuximab,multiple myeloma with pomalidomide and dexamethasone (≥2 prior therapies),700,every 2 weeks,26.92,100/5 vial|500/25 vial,L1G9 (Monoclonal Antibody Antineoplastics Other)
isatuximab,relapsed or refractory multiple myeloma with carfilzomib and dexamethasone (1-3 prior lines),700,every 2 weeks,26.92,100/5 vial|500/25 vial,L1G9 (Monoclonal Antibody Antineoplastics Other)
isatuximab,"newly diagnosed multiple myeloma with bortezomib, lenalidomide, and dexamethasone (not ASCT eligible)",700,every 4 weeks,17.95,100/5 vial|500/25 vial,L1G9 (Monoclonal Antibody Antineoplastics Other)
ixekizumab,Adult Plaque Psoriasis,80,every 4 weeks,7.67,80/1 autoinjector|80/1 syringe,L4C (Interleukin Inhibitors)
ixekizumab,Psoriatic Arthritis,80,every 4 weeks,7.67,80/1 autoinjector|80/1 syringe,L4C (Interleukin Inhibitors)
ixekizumab,Ankylosing Spondylitis,80,every 4 weeks,7.67,80/1 autoinjector|80/1 syringe,L4C (Interleukin Inhibitors)
ixekizumab,Non-radiographic Axial Spondyloarthritis,80,every 4 weeks,7.67,80/1 autoinjector|80/1 syringe,L4C (Interleukin Inhibitors)
lanadelumab,hereditary angioedema (HAE) prophylaxis,300,every 2 weeks,21.43,150/1 syringe|300/2 syringe|300/2 vial,B6D (Hereditary Angioedema Products)
lebrikizumab,moderate-to-severe atopic dermatitis,250,every 4 weeks,8.93,250/2 pen|250/2 syringe,D5X (Other Nonsteroidal Products For Inflammatory Skin Disorders)
lecanemab,Alzheimer's disease,700|360,every 4 weeks|weekly,25.0|51.43,500/5 vial|200/2 vial|360/1.8 autoinjector,N7D9 (All Other Anti-Alzheimer Products)
loncastuximab,relapsed or refractory large B-cell lymphoma after two or more lines of systemic therapy,5.25,every 3 weeks,0.25,10 vial,L1G9 (Monoclonal Antibody Antineoplastics Other)
margetuximab,metastatic HER2-positive breast cancer,1050,every 3 weeks,50,250/10 vial,L1G3 (Monoclonal Antibody Antineoplastics HER-2)
marstacimab,hemophilia A without factor VIII inhibitors,150|300,weekly,21.43|42.86,150/1 prefilled syringe|150/1 prefilled pen,B2D3 (Haemophilia Anti-Inhibitor Products)
marstacimab,hemophilia B without factor IX inhibitors,150|300,weekly,21.43|42.86,150/1 prefilled syringe|150/1 prefilled pen,B2D3 (Haemophilia Anti-Inhibitor Products)
mepolizumab,severe asthma,100,every 4 weeks,9.13,100 vial|100/1 autoinjector|100/1 syringe,R3M (Interleukin Inhibitor Anti-Asthmatics)
mepolizumab,chronic rhinosinusitis with nasal polyps,100,every 4 weeks,9.13,100 vial|100/1 autoinjector|100/1 syringe,R3M (Interleukin Inhibitor Anti-Asthmatics)
mepolizumab,chronic obstructive pulmonary disease,100,every 4 weeks,9.13,100 vial|100/1 autoinjector|100/1 syringe,R3M (Interleukin Inhibitor Anti-Asthmatics)
mepolizumab,eosinophilic granulomatosis with polyangiitis,300,every 4 weeks,27.4,100 vial|100/1 autoinjector|100/1 syringe,R3M (Interleukin Inhibitor Anti-Asthmatics)
mepolizumab,hypereosinophilic syndrome,300,every 4 weeks,27.4,100 vial|100/1 autoinjector|100/1 syringe,R3M (Interleukin Inhibitor Anti-Asthmatics)
mirikizumab,moderately to severely active ulcerative colitis,200,every 4 weeks,13.84,100/1 prefilled pen|100/1 prefilled syringe|200/2 prefilled pen|200/2 prefilled syringe,L4C (Interleukin Inhibitors)
mirikizumab,moderately to severely active Crohn's disease,300,every 4 weeks,20.77,100/1 prefilled pen|100/1 prefilled syringe|200/2 prefilled pen|200/2 prefilled syringe,L4C (Interleukin Inhibitors)
mirvetuximab,"FRα positive, platinum-resistant epithelial ovarian, fallopian tube, or primary peritoneal cancer",420,every 3 weeks,20,100/20 vial,L1G9 (Monoclonal Antibody Antineoplastics Other)
mogamulizumab,relapsed or refractory mycosis fungoides or Sézary syndrome,70,every 2 weeks,10,20/5 vial,L1G9 (Monoclonal Antibody Antineoplastics Other)
mosunetuzumab,relapsed or refractory follicular lymphoma,30|45,every 21 days,1.43|2.14,1/1 vial|30/30 vial|5/0.5 vial|45/1 vial,L1G9 (Monoclonal Antibody Antineoplastics Other)
narsoplimab,hematopoietic stem cell transplant-associated thrombotic microangiopathy (TA-TMA),370,weekly,52.86,370/2 vial,L4X (Other Immunosuppressants)
natalizumab,Multiple Sclerosis,300,every 4 weeks,10.11,300/15 vial,N7A (Multiple Sclerosis Products)
natalizumab,Crohn's Disease,300,every 4 weeks,10.11,300/15 vial,N7A (Multiple Sclerosis Products)
naxitamab,relapsed or refractory high-risk neuroblastoma in the bone or bone marrow,150.0,every 4 weeks,16.07,40/10 vial,L1G9 (Monoclonal Antibody Antineoplastics Other)
necitumumab,metastatic squamous non-small cell lung cancer,800,twice every 3 weeks,76.19,800/50 vial,L1G4 (Monoclonal Antibody Antineoplastics EGFR)
nemolizumab,prurigo nodularis,30|60,every 4 weeks,0.82|1.64,30 pen,D5X (Other Nonsteroidal Products For Inflammatory Skin Disorders)
nemolizumab,atopic dermatitis,30,every 4 weeks|every 8 weeks,0.82|0.41,30 pen,D5X (Other Nonsteroidal Products For Inflammatory Skin Disorders)
nipocalimab,generalized myasthenia gravis (gMG) in anti-AChR or anti-MuSK antibody positive patients,1050,every 2 weeks,75,300/1.62 vial|1200/6.5 vial,M5X (All Other Musculoskeletal Products)
nivolumab,Unresectable or metastatic melanoma (single agent),240|480,every 2 weeks|every 4 weeks,12.17,injection,L1G5 (Monoclonal Antibody Antineoplastics PD-1/PD-L1)
nivolumab,Unresectable or metastatic melanoma (combination with ipilimumab - maintenance),240|480,every 2 weeks|every 4 weeks,12.17,injection,L1G5 (Monoclonal Antibody Antineoplastics PD-1/PD-L1)
nivolumab,Adjuvant treatment of melanoma,240|480,every 2 weeks|every 4 weeks,12.17,injection,L1G5 (Monoclonal Antibody Antineoplastics PD-1/PD-L1)
nivolumab,Neoadjuvant and adjuvant treatment of resectable NSCLC (adjuvant phase),480,every 4 weeks,12.17,injection,L1G5 (Monoclonal Antibody Antineoplastics PD-1/PD-L1)
nivolumab,Metastatic NSCLC expressing PD-L1 (combination with ipilimumab),360,every 3 weeks,12.17,injection,L1G5 (Monoclonal Antibody Antineoplastics PD-1/PD-L1)
nivolumab,Metastatic or recurrent NSCLC (combination with ipilimumab and chemotherapy),360,every 3 weeks,12.17,injection,L1G5 (Monoclonal Antibody Antineoplastics PD-1/PD-L1)
nivolumab,Metastatic NSCLC (single agent),240|480,every 2 weeks|every 4 weeks,12.17,injection,L1G5 (Monoclonal Antibody Antineoplastics PD-1/PD-L1)
nivolumab,Malignant pleural mesothelioma (combination with ipilimumab),360,every 3 weeks,12.17,injection,L1G5 (Monoclonal Antibody Antineoplastics PD-1/PD-L1)
nivolumab,Advanced RCC (combination with ipilimumab - maintenance),240|480,every 2 weeks|every 4 weeks,12.17,injection,L1G5 (Monoclonal Antibody Antineoplastics PD-1/PD-L1)
nivolumab,Advanced RCC (combination with cabozantinib),240|480,every 2 weeks|every 4 weeks,12.17,injection,L1G5 (Monoclonal Antibody Antineoplastics PD-1/PD-L1)
nivolumab,Advanced RCC (single agent),240|480,every 2 weeks|every 4 weeks,12.17,injection,L1G5 (Monoclonal Antibody Antineoplastics PD-1/PD-L1)
nivolumab,Previously untreated classical Hodgkin lymphoma (combination with AVD),240,every 2 weeks,12.17,injection,L1G5 (Monoclonal Antibody Antineoplastics PD-1/PD-L1)
nivolumab,Classical Hodgkin lymphoma (single agent),240|480,every 2 weeks|every 4 weeks,12.17,injection,L1G5 (Monoclonal Antibody Antineoplastics PD-1/PD-L1)
nivolumab,Squamous cell carcinoma of the head and neck,240|480,every 2 weeks|every 4 weeks,12.17,injection,L1G5 (Monoclonal Antibody Antineoplastics PD-1/PD-L1)
nivolumab,Adjuvant treatment of urothelial carcinoma,240|480,every 2 weeks|every 4 weeks,12.17,injection,L1G5 (Monoclonal Antibody Antineoplastics PD-1/PD-L1)
nivolumab,First-line unresectable or metastatic urothelial carcinoma (maintenance),240|480,every 2 weeks|every 4 weeks,12.17,injection,L1G5 (Monoclonal Antibody Antineoplastics PD-1/PD-L1)
nivolumab,Previously treated locally advanced or metastatic urothelial carcinoma,240|480,every 2 weeks|every 4 weeks,12.17,injection,L1G5 (Monoclonal Antibody Antineoplastics PD-1/PD-L1)
nivolumab,MSI-H or dMMR metastatic colorectal cancer (combination with ipilimumab - maintenance),240|480,every 2 weeks|every 4 weeks,12.17,injection,L1G5 (Monoclonal Antibody Antineoplastics PD-1/PD-L1)
nivolumab,MSI-H or dMMR metastatic colorectal cancer (single agent),240|480,every 2 weeks|every 4 weeks,12.17,injection,L1G5 (Monoclonal Antibody Antineoplastics PD-1/PD-L1)
nivolumab,Hepatocellular carcinoma (combination with ipilimumab - maintenance),240|480,every 2 weeks|every 4 weeks,12.17,injection,L1G5 (Monoclonal Antibody Antineoplastics PD-1/PD-L1)
nivolumab,Adjuvant treatment of resected esophageal or gastroesophageal junction cancer,240|480,every 2 weeks|every 4 weeks,12.17,injection,L1G5 (Monoclonal Antibody Antineoplastics PD-1/PD-L1)
nivolumab,Esophageal squamous cell carcinoma (combination with chemotherapy),240|480,every 2 weeks|every 4 weeks,12.17,injection,L1G5 (Monoclonal Antibody Antineoplastics PD-1/PD-L1)
obiltoxaximab,inhalational anthrax treatment,1120,single dose,1120,600/6 vial,J1X9 (All Other Antibacterials)
obiltoxaximab,inhalational anthrax prophylaxis,1120,single dose,1120,600/6 vial,J1X9 (All Other Antibacterials)
obinutuzumab,Chronic Lymphocytic Leukemia,1000,28 days for 6 cycles,21.43,1000/40 vial,L1G1 (Monoclonal Antibody Antineoplastics CD20)
obinutuzumab,Follicular Lymphoma - maintenance,1000,every 2 months for up to 2 years,16.44,1000/40 vial,L1G1 (Monoclonal Antibody Antineoplastics CD20)
obinutuzumab,Lupus Nephritis - maintenance,1000,every 6 months,5.48,1000/40 vial,L1G1 (Monoclonal Antibody Antineoplastics CD20)
ocrelizumab,Relapsing forms of multiple sclerosis,600|920,every 6 months,3.29|5.04,300/10 vial|920/23 vial,N7A (Multiple Sclerosis Products)
ocrelizumab,Primary progressive multiple sclerosis,600|920,every 6 months,3.29|5.04,300/10 vial|920/23 vial,N7A (Multiple Sclerosis Products)
ofatumumab,relapsing forms of multiple sclerosis,20,monthly,0.66,20/0.4 pen|20/0.4 syringe,L1G1 (Monoclonal Antibody Antineoplastics CD20)
panitumumab,RAS Wild-Type Metastatic Colorectal Cancer,420,every 14 days,30.0,100/5 vial|400/20 vial,L1G4 (Monoclonal Antibody Antineoplastics EGFR)
panitumumab,KRAS G12C-mutated Metastatic Colorectal Cancer (in combination with sotorasib),420,every 14 days,30.0,100/5 vial|400/20 vial,L1G4 (Monoclonal Antibody Antineoplastics EGFR)
pembrolizumab,Melanoma (unresectable or metastatic),200|400,every 3 weeks|every 6 weeks,9.52|9.59,100/4 vial,L1G5 (Monoclonal Antibody Antineoplastics PD-1/PD-L1)
pembrolizumab,Melanoma (adjuvant),200|400,every 3 weeks|every 6 weeks,9.52|9.59,100/4 vial,L1G5 (Monoclonal Antibody Antineoplastics PD-1/PD-L1)
pembrolizumab,Non-Small Cell Lung Cancer,200|400,every 3 weeks|every 6 weeks,9.52|9.59,100/4 vial,L1G5 (Monoclonal Antibody Antineoplastics PD-1/PD-L1)
pembrolizumab,Malignant Pleural Mesothelioma,200|400,every 3 weeks|every 6 weeks,9.52|9.59,100/4 vial,L1G5 (Monoclonal Antibody Antineoplastics PD-1/PD-L1)
pembrolizumab,Head and Neck Squamous Cell Cancer,200|400,every 3 weeks|every 6 weeks,9.52|9.59,100/4 vial,L1G5 (Monoclonal Antibody Antineoplastics PD-1/PD-L1)
pembrolizumab,Classical Hodgkin Lymphoma,200|400,every 3 weeks|every 6 weeks,9.52|9.59,100/4 vial,L1G5 (Monoclonal Antibody Antineoplastics PD-1/PD-L1)
pembrolizumab,Primary Mediastinal Large B-Cell Lymphoma,200|400,every 3 weeks|every 6 weeks,9.52|9.59,100/4 vial,L1G5 (Monoclonal Antibody Antineoplastics PD-1/PD-L1)
pembrolizumab,Urothelial Cancer,200|400,every 3 weeks|every 6 weeks,9.52|9.59,100/4 vial,L1G5 (Monoclonal Antibody Antineoplastics PD-1/PD-L1)
pembrolizumab,MSI-H or dMMR Cancer,200|400,every 3 weeks|every 6 weeks,9.52|9.59,100/4 vial,L1G5 (Monoclonal Antibody Antineoplastics PD-1/PD-L1)
pembrolizumab,MSI-H or dMMR Colorectal Cancer,200|400,every 3 weeks|every 6 weeks,9.52|9.59,100/4 vial,L1G5 (Monoclonal Antibody Antineoplastics PD-1/PD-L1)
pembrolizumab,Gastric Cancer,200|400,every 3 weeks|every 6 weeks,9.52|9.59,100/4 vial,L1G5 (Monoclonal Antibody Antineoplastics PD-1/PD-L1)
pembrolizumab,Esophageal Cancer,200|400,every 3 weeks|every 6 weeks,9.52|9.59,100/4 vial,L1G5 (Monoclonal Antibody Antineoplastics PD-1/PD-L1)
pembrolizumab,Cervical Cancer,200|400,every 3 weeks|every 6 weeks,9.52|9.59,100/4 vial,L1G5 (Monoclonal Antibody Antineoplastics PD-1/PD-L1)
pembrolizumab,Hepatocellular Carcinoma,200|400,every 3 weeks|every 6 weeks,9.52|9.59,100/4 vial,L1G5 (Monoclonal Antibody Antineoplastics PD-1/PD-L1)
pembrolizumab,Biliary Tract Cancer,200|400,every 3 weeks|every 6 weeks,9.52|9.59,100/4 vial,L1G5 (Monoclonal Antibody Antineoplastics PD-1/PD-L1)
pembrolizumab,Merkel Cell Carcinoma,200|400,every 3 weeks|every 6 weeks,9.52|9.59,100/4 vial,L1G5 (Monoclonal Antibody Antineoplastics PD-1/PD-L1)
pembrolizumab,Renal Cell Carcinoma,200|400,every 3 weeks|every 6 weeks,9.52|9.59,100/4 vial,L1G5 (Monoclonal Antibody Antineoplastics PD-1/PD-L1)
pembrolizumab,Endometrial Carcinoma,200|400,every 3 weeks|every 6 weeks,9.52|9.59,100/4 vial,L1G5 (Monoclonal Antibody Antineoplastics PD-1/PD-L1)
pembrolizumab,TMB-H Cancer,200|400,every 3 weeks|every 6 weeks,9.52|9.59,100/4 vial,L1G5 (Monoclonal Antibody Antineoplastics PD-1/PD-L1)
pembrolizumab,Cutaneous Squamous Cell Carcinoma,200|400,every 3 weeks|every 6 weeks,9.52|9.59,100/4 vial,L1G5 (Monoclonal Antibody Antineoplastics PD-1/PD-L1)
pembrolizumab,Triple-Negative Breast Cancer,200|400,every 3 weeks|every 6 weeks,9.52|9.59,100/4 vial,L1G5 (Monoclonal Antibody Antineoplastics PD-1/PD-L1)
pembrolizumab,Ovarian Cancer,200|400,every 3 weeks|every 6 weeks,9.52|9.59,100/4 vial,L1G5 (Monoclonal Antibody Antineoplastics PD-1/PD-L1)
penpulimab,Recurrent or Metastatic Non-Keratinizing Nasopharyngeal Carcinoma,200,every 3 weeks|every 2 weeks,9.52|14.29,100/10 vial,L1G5 (Monoclonal Antibody Antineoplastics PD-1/PD-L1)
pertuzumab,HER2-positive metastatic breast cancer,420|600,every 3 weeks,20.0|25.71,420/14 vial|600/10 vial,L1G3 (Monoclonal Antibody Antineoplastics HER-2)
pertuzumab,HER2-positive early breast cancer neoadjuvant treatment,420|600,every 3 weeks,20.0|25.71,420/14 vial|600/10 vial,L1G3 (Monoclonal Antibody Antineoplastics HER-2)
pertuzumab,HER2-positive early breast cancer adjuvant treatment,420|600,every 3 weeks,20.0|25.71,420/14 vial|600/10 vial,L1G3 (Monoclonal Antibody Antineoplastics HER-2)
polatuzumab,"Previously Untreated DLBCL, NOS or HGBL",126.0,every 21 days,6.0,30 vial|140 vial,L1G9 (Monoclonal Antibody Antineoplastics Other)
polatuzumab,"Relapsed or Refractory DLBCL, NOS",126.0,every 21 days,6.0,30 vial|140 vial,L1G9 (Monoclonal Antibody Antineoplastics Other)
pozelimab,"CD55-deficient protein-losing enteropathy (PLE), also known as CHAPLE disease",700,weekly,100,400/2 vial,L4E (Complement Inhibitors)
ramucirumab,gastric cancer (single agent or with paclitaxel),560,every 2 weeks,29.23,100/10 vial|500/50 vial,L1G2 (Monoclonal Antibody Antineoplastics VEGF/VEGFR)
ramucirumab,non-small cell lung cancer with EGFR mutations (with erlotinib),700,every 2 weeks,36.54,100/10 vial|500/50 vial,L1G2 (Monoclonal Antibody Antineoplastics VEGF/VEGFR)
ramucirumab,non-small cell lung cancer after platinum therapy (with docetaxel),700,every 3 weeks,33.33,100/10 vial|500/50 vial,L1G2 (Monoclonal Antibody Antineoplastics VEGF/VEGFR)
ramucirumab,colorectal cancer (with FOLFIRI),560,every 2 weeks,29.23,100/10 vial|500/50 vial,L1G2 (Monoclonal Antibody Antineoplastics VEGF/VEGFR)
ramucirumab,hepatocellular carcinoma,560,every 2 weeks,29.23,100/10 vial|500/50 vial,L1G2 (Monoclonal Antibody Antineoplastics VEGF/VEGFR)
ranibizumab,Neovascular (Wet) Age-Related Macular Degeneration (AMD),0.5,monthly,0.01,0.5/0.05 prefilled syringe|0.5/0.05 vial|0.3/0.05 prefilled syringe|0.3/0.05 vial,S1P (Ocular Antineovascularisation Products)
ranibizumab,Macular Edema Following Retinal Vein Occlusion (RVO),0.5,monthly,0.01,0.5/0.05 prefilled syringe|0.5/0.05 vial|0.3/0.05 prefilled syringe|0.3/0.05 vial,S1P (Ocular Antineovascularisation Products)
ranibizumab,Diabetic Macular Edema (DME),0.3,monthly,0.01,0.5/0.05 prefilled syringe|0.5/0.05 vial|0.3/0.05 prefilled syringe|0.3/0.05 vial,S1P (Ocular Antineovascularisation Products)
ranibizumab,Diabetic Retinopathy (DR),0.3,monthly,0.01,0.5/0.05 prefilled syringe|0.5/0.05 vial|0.3/0.05 prefilled syringe|0.3/0.05 vial,S1P (Ocular Antineovascularisation Products)
ranibizumab,Myopic Choroidal Neovascularization (mCNV),0.5,monthly,0.01,0.5/0.05 prefilled syringe|0.5/0.05 vial|0.3/0.05 prefilled syringe|0.3/0.05 vial,S1P (Ocular Antineovascularisation Products)
ravulizumab,Paroxysmal Nocturnal Hemoglobinuria (PNH),3600.0,every 8 weeks,64.3,300/3 vial|1100/11 vial,L4E (Complement Inhibitors)
ravulizumab,Atypical Hemolytic Uremic Syndrome (aHUS),3600.0,every 8 weeks,64.3,300/3 vial|1100/11 vial,L4E (Complement Inhibitors)
ravulizumab,Generalized Myasthenia Gravis (gMG),3600.0,every 8 weeks,64.3,300/3 vial|1100/11 vial,L4E (Complement Inhibitors)
ravulizumab,Neuromyelitis Optica Spectrum Disorder (NMOSD),3600.0,every 8 weeks,64.3,300/3 vial|1100/11 vial,L4E (Complement Inhibitors)
raxibacumab,inhalational anthrax treatment,2800,single dose,2800,1700/34 vial,J1X9 (All Other Antibacterials)
raxibacumab,inhalational anthrax prophylaxis,2800,single dose,2800,1700/34 vial,J1X9 (All Other Antibacterials)
reslizumab,severe asthma with eosinophilic phenotype,210,every 4 weeks,7.5,100/10 vial,R3M (Interleukin Inhibitor Anti-Asthmatics)
retifanlimab,Squamous Cell Carcinoma of the Anal Canal (combination therapy),500|375,every 4 weeks|every 3 weeks,13.7|17.9,500/20 vial,L1G5 (Monoclonal Antibody Antineoplastics PD-1/PD-L1)
retifanlimab,Squamous Cell Carcinoma of the Anal Canal (monotherapy),500|375,every 4 weeks|every 3 weeks,13.7|17.9,500/20 vial,L1G5 (Monoclonal Antibody Antineoplastics PD-1/PD-L1)
retifanlimab,Merkel Cell Carcinoma,500,every 4 weeks,13.7,500/20 vial,L1G5 (Monoclonal Antibody Antineoplastics PD-1/PD-L1)
risankizumab,plaque psoriasis,150,every 12 weeks,12.88,150/1 pen|150/1 syringe|90/1 syringe|180/1.2 syringe|180/1.2 cartridge|360/2.4 cartridge,L4C (Interleukin Inhibitors)
risankizumab,psoriatic arthritis,150,every 12 weeks,12.88,150/1 pen|150/1 syringe|90/1 syringe|180/1.2 syringe|180/1.2 cartridge|360/2.4 cartridge,L4C (Interleukin Inhibitors)
risankizumab,Crohn's disease,180|360,every 8 weeks,11.71|23.42,150/1 pen|150/1 syringe|90/1 syringe|180/1.2 syringe|180/1.2 cartridge|360/2.4 cartridge,L4C (Interleukin Inhibitors)
risankizumab,ulcerative colitis,180|360,every 8 weeks,11.71|23.42,150/1 pen|150/1 syringe|90/1 syringe|180/1.2 syringe|180/1.2 cartridge|360/2.4 cartridge,L4C (Interleukin Inhibitors)
rituximab,non-hodgkin's lymphoma - relapsed/refractory low-grade or follicular,637.5|638,weekly for 4 doses|once weekly for 4 or 8 doses,7.0|18.2,100/10 vial|500/50 vial|1400/11.7 vial,L1G1 (Monoclonal Antibody Antineoplastics CD20)
rituximab,non-hodgkin's lymphoma - previously untreated follicular maintenance,637.5|1400|638,every 8 weeks for 12 doses|every 8 weeks,26.3|51.8|52.0|130.77|5.7,100/10 vial|500/50 vial|1400/11.7 vial,L1G1 (Monoclonal Antibody Antineoplastics CD20)
rituximab,non-hodgkin's lymphoma - non-progressing low-grade after cvp,637.5|638,weekly for 4 doses at 6-month intervals|once weekly for 4 doses at 6-month intervals to maximum 16 doses,14.0|14.6|2.3,100/10 vial|500/50 vial|1400/11.7 vial,L1G1 (Monoclonal Antibody Antineoplastics CD20)
rituximab,chronic lymphocytic leukemia,850,every 28 days for cycles 2-6|every 28 days for 6 cycles,30.4|12.5,100/10 vial|500/50 vial|1400/11.7 vial,L1G1 (Monoclonal Antibody Antineoplastics CD20)
rituximab,rheumatoid arthritis,1000,"two doses separated by 2 weeks every 24 weeks|two doses separated by 2 weeks, every 24 weeks",30.4|15.1,100/10 vial|500/50 vial|1400/11.7 vial,L1G1 (Monoclonal Antibody Antineoplastics CD20)
rituximab,granulomatosis with polyangiitis/microscopic polyangiitis - follow-up,500,"every 6 months after initial two doses|two 500 mg doses separated by 2 weeks, then 500 mg every 6 months|two doses separated by 2 weeks, then every 6 months",5.0|4.1|8.2,100/10 vial|500/50 vial|1400/11.7 vial,L1G1 (Monoclonal Antibody Antineoplastics CD20)
rituximab,pemphigus vulgaris - maintenance,500,every 6 months|500 mg at month 12 and every 6 months thereafter,5.0|2.7,100/10 vial|500/50 vial|1400/11.7 vial,L1G1 (Monoclonal Antibody Antineoplastics CD20)
rituximab,follicular lymphoma - maintenance,1400,every 8 weeks,130.77,100/10 vial|500/50 vial|1400/11.7 vial,L1G1 (Monoclonal Antibody Antineoplastics CD20)
rituximab,follicular lymphoma - non-progressing after cvp,1400,every 6 months,25.48,100/10 vial|500/50 vial|1400/11.7 vial,L1G1 (Monoclonal Antibody Antineoplastics CD20)
romosozumab,osteoporosis in postmenopausal women at high risk for fracture,210,monthly,6.86,105/1.17 syringe,M5X (All Other Musculoskeletal Products)
sacituzumab,Unresectable locally advanced or metastatic triple-negative breast cancer (mTNBC),700,twice per 21-day cycle (Days 1 and 8),19.17,180 vial,L1G9 (Monoclonal Antibody Antineoplastics Other)
sacituzumab,"Unresectable locally advanced or metastatic hormone receptor (HR)-positive, human epidermal growth factor receptor 2 (HER2)-negative breast cancer",700,twice per 21-day cycle (Days 1 and 8),19.17,180 vial,L1G9 (Monoclonal Antibody Antineoplastics Other)
sarilumab,rheumatoid arthritis|polymyalgia rheumatica,200,every 2 weeks,14.29,150/1.14 syringe|200/1.14 syringe|150/1.14 pen|200/1.14 pen,L4C (Interleukin Inhibitors)
satralizumab,neuromyelitis optica spectrum disorder (NMOSD) in adult patients who are anti-aquaporin-4 (AQP4) antibody positive,120,every 4 weeks,4.29,120/1 prefilled syringe,N7X (All Other CNS Drugs)
sibeprenlimab,primary immunoglobulin A nephropathy (IgAN),400,every 4 weeks,14.29,400/2 syringe,G4X (All Other Urological Products)
siltuximab,multicentric Castleman's disease (MCD) who are HIV negative and HHV-8 negative,770.0,every 3 weeks,36.67,100 vial|400 vial,L1G9 (Monoclonal Antibody Antineoplastics Other)
spesolimab,generalized pustular psoriasis (GPP) when not experiencing a flare,300,every 4 weeks,10.71,300/2 prefilled syringe|150/1 prefilled syringe|300/2 syringe|150/1 syringe,L4C (Interleukin Inhibitors)
spesolimab,generalized pustular psoriasis (GPP) flare,900,single dose,2.47,450/7.5 vial,L4C (Interleukin Inhibitors)
sutimlimab,cold agglutinin disease,7000,every 2 weeks,350,1100/22 vial,B3X (Other Anti-Anaemic Products Including Folic Acid Folinic Acid)
tafasitamab,relapsed or refractory diffuse large B-cell lymphoma (DLBCL),840,every 2 weeks,46.03,200 vial,L1G9 (Monoclonal Antibody Antineoplastics Other)
talquetamab,relapsed or refractory multiple myeloma,28|56,weekly|every 2 weeks,4.0,3/1.5 vial|40/mL vial,L1G9 (Monoclonal Antibody Antineoplastics Other)
teclistamab,relapsed or refractory multiple myeloma in combination with daratumumab and hyaluronidase-fihj,210.0,every four weeks,5.74,30/3 vial|153/1.7 vial,L1G9 (Monoclonal Antibody Antineoplastics Other)
teclistamab,relapsed or refractory multiple myeloma monotherapy,105.0,every two weeks,5.48,30/3 vial|153/1.7 vial,L1G9 (Monoclonal Antibody Antineoplastics Other)
telisotuzumab,"locally advanced or metastatic, non-squamous non-small cell lung cancer (NSCLC) with high c-Met protein overexpression",133.0,every 2 weeks,10.23,20 vial|100 vial,L1G9 (Monoclonal Antibody Antineoplastics Other)
teplizumab,Stage 2 type 1 diabetes,1751.0,single 14-day course,67.7,2/2 vial,A10X9 (Other Drugs Used in Diabetes)
teprotumumab,Thyroid Eye Disease,1400,every 3 weeks,266.67,500 vial,S1R (Ophthalmic Non-Steroidal Anti-Inflammatories)
tezepelumab,severe asthma,210,every 4 weeks,7.5,210/1.91 vial|210/1.91 syringe|210/1.91 pen,R3X2 (All Other Anti-Asthma and COPD Products Systemic)
tezepelumab,chronic rhinosinusitis with nasal polyps,210,every 4 weeks,7.5,210/1.91 vial|210/1.91 syringe|210/1.91 pen,R3X2 (All Other Anti-Asthma and COPD Products Systemic)
tildrakizumab,moderate-to-severe plaque psoriasis,100,every 12 weeks,8.22,100/1 syringe,D5B (Systemic Antipsoriasis Products)
tislelizumab,Esophageal Cancer - First-line ESCC with platinum-containing chemotherapy,150|200|300|400,every 2 weeks|every 3 weeks|every 4 weeks|every 6 weeks,10.71|9.52,100/10 vial,L1G5 (Monoclonal Antibody Antineoplastics PD-1/PD-L1)
tislelizumab,Esophageal Cancer - Previously treated ESCC single agent,150|200|300|400,every 2 weeks|every 3 weeks|every 4 weeks|every 6 weeks,10.71|9.52,100/10 vial,L1G5 (Monoclonal Antibody Antineoplastics PD-1/PD-L1)
tislelizumab,Gastric Cancer - First-line HER2-negative G/GEJ with platinum and fluoropyrimidine,150|200|300|400,every 2 weeks|every 3 weeks|every 4 weeks|every 6 weeks,10.71|9.52,100/10 vial,L1G5 (Monoclonal Antibody Antineoplastics PD-1/PD-L1)
tisotumab,recurrent or metastatic cervical cancer with disease progression on or after chemotherapy,140,every 3 weeks,6.67,40 vial,L1G9 (Monoclonal Antibody Antineoplastics Other)
tocilizumab,Rheumatoid Arthritis,280|560|162,every 4 weeks|every other week|every week,10.0|20.0|11.57|23.14|8.1|23.1|14.54,IV infusion|subcutaneous injection|80/4 vial|200/10 vial|400/20 vial|162/0.9 prefilled syringe|162/0.9 prefilled autoinjector,M1C (Specific Anti-Rheumatic Agents)
tocilizumab,Giant Cell Arteritis,420|162,every 4 weeks|every week|every other week,15.0|23.14|11.57|23.1|8.1|10.93,IV infusion|subcutaneous injection|80/4 vial|200/10 vial|400/20 vial|162/0.9 prefilled syringe|162/0.9 prefilled autoinjector,M1C (Specific Anti-Rheumatic Agents)
tocilizumab,Systemic Sclerosis-Associated Interstitial Lung Disease,162,every week,23.14,subcutaneous injection|80/4 vial|200/10 vial|400/20 vial|162/0.9 prefilled syringe|162/0.9 prefilled autoinjector,M1C (Specific Anti-Rheumatic Agents)
tocilizumab,Cytokine Release Syndrome,560,as needed|single dose,560.0,IV infusion|80/4 vial|200/10 vial|400/20 vial|162/0.9 prefilled syringe|162/0.9 prefilled autoinjector,M1C (Specific Anti-Rheumatic Agents)
tocilizumab,COVID-19,560,single dose,560.0|1.53,IV infusion|80/4 vial|200/10 vial|400/20 vial|162/0.9 prefilled syringe|162/0.9 prefilled autoinjector,M1C (Specific Anti-Rheumatic Agents)
toripalimab,metastatic or recurrent locally advanced nasopharyngeal carcinoma,240|210,every 3 weeks|every 2 weeks,11.43|15.0,240/6 vial,L1G5 (Monoclonal Antibody Antineoplastics PD-1/PD-L1)
tralokinumab,moderate-to-severe atopic dermatitis,300.0,every other week,11.54,150/1 prefilled syringe|300/2 autoinjector,D5X (Other Nonsteroidal Products For Inflammatory Skin Disorders)
trastuzumab,Adjuvant Breast Cancer,140|420|600,weekly|every 3 weeks,20|28.57|28,150 vial|420 vial|600/5 vial,L1G3 (Monoclonal Antibody Antineoplastics HER-2)
trastuzumab,Metastatic Breast Cancer,140|600,weekly|every 3 weeks,20|28.57,150 vial|420 vial|600/5 vial,L1G3 (Monoclonal Antibody Antineoplastics HER-2)
trastuzumab,Metastatic Gastric Cancer,420,every 3 weeks,20|28,150 vial|420 vial|600/5 vial,L1G3 (Monoclonal Antibody Antineoplastics HER-2)
tremelimumab,unresectable hepatocellular carcinoma (uHCC),300.0,single dose,0.82,25/1.25 vial|300/15 vial,L1G9 (Monoclonal Antibody Antineoplastics Other)
tremelimumab,metastatic non-small cell lung cancer (NSCLC),75.0,every 3 weeks for 4 cycles then one additional dose at week 16,1.03,25/1.25 vial|300/15 vial,L1G9 (Monoclonal Antibody Antineoplastics Other)
ublituximab,relapsing forms of multiple sclerosis,450,every 24 weeks,2.63,150/6 vial,N7A (Multiple Sclerosis Products)
ustekinumab,plaque psoriasis ≤100kg,45,every 12 weeks,1.44,45/0.5 syringe|45/0.5 vial,N7A (Multiple Sclerosis Products)
ustekinumab,plaque psoriasis >100kg,90,every 12 weeks,2.88,90/1 syringe,N7A (Multiple Sclerosis Products)
ustekinumab,psoriatic arthritis,45|90,every 12 weeks,1.44|2.88,45/0.5 syringe|45/0.5 vial|90/1 syringe,N7A (Multiple Sclerosis Products)
ustekinumab,Crohn's disease,90,every 8 weeks,5.84|5.86|5.89,45/0.5 syringe|45/0.5 vial|90/1 syringe,N7A (Multiple Sclerosis Products)
ustekinumab,ulcerative colitis,90,every 8 weeks,5.84|5.86|5.89,45/0.5 syringe|45/0.5 vial|90/1 syringe,N7A (Multiple Sclerosis Products)
vedolizumab,moderately to severely active ulcerative colitis,300|108,every 8 weeks|every 2 weeks,5.77|7.71,300 vial|108/0.68 syringe|108/0.68 pen,A7E9 (Inflammatory Bowel Disorder Products Other)
vedolizumab,moderately to severely active Crohn's disease,300|108,every 8 weeks|every 2 weeks,5.77|7.71,300 vial|108/0.68 syringe|108/0.68 pen,A7E9 (Inflammatory Bowel Disorder Products Other)
vilobelimab,COVID-19,800,"Days 1, 2, 4, 8, 15, 22",13.15,200/20 vial,L4E (Complement Inhibitors)
zanidatamab,"previously treated, unresectable or metastatic HER2-positive biliary tract cancer",1400,every 2 weeks,76.92,300 vial,L1G3 (Monoclonal Antibody Antineoplastics HER-2)
zenocutuzumab,"Advanced, unresectable or metastatic non-small cell lung cancer (NSCLC) harboring a neuregulin 1 (NRG1) gene fusion",750,every 2 weeks,53.57,375/18.75 vial,L1G3 (Monoclonal Antibody Antineoplastics HER-2)
zenocutuzumab,"Advanced, unresectable or metastatic pancreatic adenocarcinoma harboring a neuregulin 1 (NRG1) gene fusion",750,every 2 weeks,53.57,375/18.75 vial,L1G3 (Monoclonal Antibody Antineoplastics HER-2)
zolbetuximab,locally advanced unresectable or metastatic HER2-negative gastric or gastroesophageal junction adenocaroma (CLDN18.2 positive),1020,every 3 weeks,48.57,100 vial|300 vial,L1G9 (Monoclonal Antibody Antineoplastics Other)
