base_name,indication,mg_per_dose,dosing_period,dosage_forms,route,designated_daily_dose,ephmra_code
adalimumab,rheumatoid arthritis,40,every other week,10/0.1 syringe|20/0.2 syringe|20/0.4 syringe|40/0.4 autoinjector|40/0.4 pen|40/0.4 syringe|40/0.8 autoinjector|40/0.8 pen|40/0.8 syringe|40/0.8 vial|80/0.8 autoinjector|80/0.8 pen|80/0.8 syringe,subcutaneous,2.85,L4B (Anti-TNF Products)
adalimumab,psoriatic arthritis,40,every other week,10/0.1 syringe|20/0.2 syringe|20/0.4 syringe|40/0.4 autoinjector|40/0.4 pen|40/0.4 syringe|40/0.8 autoinjector|40/0.8 pen|40/0.8 syringe|40/0.8 vial|80/0.8 autoinjector|80/0.8 pen|80/0.8 syringe,subcutaneous,2.85,L4B (Anti-TNF Products)
adalimumab,ankylosing spondylitis,40,every other week,10/0.1 syringe|20/0.2 syringe|20/0.4 syringe|40/0.4 autoinjector|40/0.4 pen|40/0.4 syringe|40/0.8 autoinjector|40/0.8 pen|40/0.8 syringe|40/0.8 vial|80/0.8 autoinjector|80/0.8 pen|80/0.8 syringe,subcutaneous,2.85,L4B (Anti-TNF Products)
adalimumab,crohn's disease,40,every other week,10/0.1 syringe|20/0.2 syringe|20/0.4 syringe|40/0.4 autoinjector|40/0.4 pen|40/0.4 syringe|40/0.8 autoinjector|40/0.8 pen|40/0.8 syringe|40/0.8 vial|80/0.8 autoinjector|80/0.8 pen|80/0.8 syringe,subcutaneous,2.85,L4B (Anti-TNF Products)
adalimumab,ulcerative colitis,40,every other week,10/0.1 syringe|20/0.2 syringe|20/0.4 syringe|40/0.4 autoinjector|40/0.4 pen|40/0.4 syringe|40/0.8 autoinjector|40/0.8 pen|40/0.8 syringe|40/0.8 vial|80/0.8 autoinjector|80/0.8 pen|80/0.8 syringe,subcutaneous,2.85,L4B (Anti-TNF Products)
adalimumab,plaque psoriasis,40,every other week,10/0.1 syringe|20/0.2 syringe|20/0.4 syringe|40/0.4 autoinjector|40/0.4 pen|40/0.4 syringe|40/0.8 autoinjector|40/0.8 pen|40/0.8 syringe|40/0.8 vial|80/0.8 autoinjector|80/0.8 pen|80/0.8 syringe,subcutaneous,2.85,L4B (Anti-TNF Products)
adalimumab,hidradenitis suppurativa,40,every week,10/0.1 syringe|20/0.2 syringe|20/0.4 syringe|40/0.4 autoinjector|40/0.4 pen|40/0.4 syringe|40/0.8 autoinjector|40/0.8 pen|40/0.8 syringe|40/0.8 vial|80/0.8 autoinjector|80/0.8 pen|80/0.8 syringe,subcutaneous,5.7,L4B (Anti-TNF Products)
adalimumab,uveitis,40,every other week,10/0.1 syringe|20/0.2 syringe|20/0.4 syringe|40/0.4 autoinjector|40/0.4 pen|40/0.4 syringe|40/0.8 autoinjector|40/0.8 pen|40/0.8 syringe|40/0.8 vial|80/0.8 autoinjector|80/0.8 pen|80/0.8 syringe,subcutaneous,2.85,L4B (Anti-TNF Products)
ado-trastuzumab,HER2-positive metastatic breast cancer,252,every 3 weeks,100 vial|160 vial,intravenous,11.74,L1G3 (Monoclonal Antibody Antineoplastics HER-2)
ado-trastuzumab,HER2-positive early breast cancer,252,every 3 weeks,100 vial|160 vial,intravenous,11.74,L1G3 (Monoclonal Antibody Antineoplastics HER-2)
alemtuzumab,B-cell chronic lymphocytic leukemia (B-CLL),30,three times per week,30/1 vial,intravenous,2.96,L1G9 (Monoclonal Antibody Antineoplastics Other)
alemtuzumab,relapsing forms of multiple sclerosis,36,annually after initial 2 courses,12/1.2 vial,intravenous,0.1,L1G9 (Monoclonal Antibody Antineoplastics Other)
alirocumab,hypercholesterolemia including HeFH,150,every 4 weeks,75/1 pen|150/1 pen,subcutaneous,5.34,C10A4 (PCSK9 Inhibitors)
alirocumab,HeFH undergoing LDL apheresis,150,every 2 weeks,75/1 pen|150/1 pen,subcutaneous,10.68,C10A4 (PCSK9 Inhibitors)
alirocumab,HoFH,150,every 2 weeks,75/1 pen|150/1 pen,subcutaneous,10.68,C10A4 (PCSK9 Inhibitors)
alirocumab,major adverse cardiovascular events prevention,300,every 4 weeks,75/1 pen|150/1 pen,subcutaneous,5.34,C10A4 (PCSK9 Inhibitors)
amivantamab,First-line NSCLC with EGFR exon 19 deletions or exon 21 L858R substitution mutations (combination with lazertinib),1050,every 2 weeks,350/7 vial,intravenous,75.0,L1G4 (Monoclonal Antibody Antineoplastics EGFR)
amivantamab,Previously treated NSCLC with EGFR exon 19 deletions or exon 21 L858R substitution mutations (combination with carboplatin and pemetrexed),1750,every 3 weeks,350/7 vial,intravenous,83.33,L1G4 (Monoclonal Antibody Antineoplastics EGFR)
amivantamab,First-line NSCLC with EGFR exon 20 insertion mutations (combination with carboplatin and pemetrexed),1750,every 3 weeks,350/7 vial,intravenous,83.33,L1G4 (Monoclonal Antibody Antineoplastics EGFR)
amivantamab,Previously treated NSCLC with EGFR exon 20 insertion mutations (single agent),1050,every 2 weeks,350/7 vial,intravenous,75.0,L1G4 (Monoclonal Antibody Antineoplastics EGFR)
anifrolumab,moderate to severe systemic lupus erythematosus (SLE),300,every 4 weeks,300/2 vial,intravenous,10.68,L4X (Other Immunosupressants)
ansuvimab,Orthoebolavirus zairense infection,3500,single dose,400 vial,intravenous,9.59,J5B9 (Antivirals Other)
atezolizumab,NSCLC adjuvant,1200,every 3 weeks,840/14 vial|1200/20 vial,intravenous,55.89,L1G5 (Monoclonal Antibody Antineoplastics PD-1/PD-L1)
atezolizumab,NSCLC metastatic,1200,every 3 weeks,840/14 vial|1200/20 vial,intravenous,55.89,L1G5 (Monoclonal Antibody Antineoplastics PD-1/PD-L1)
atezolizumab,SCLC,1200,every 3 weeks,840/14 vial|1200/20 vial,intravenous,55.89,L1G5 (Monoclonal Antibody Antineoplastics PD-1/PD-L1)
atezolizumab,HCC,1200,every 3 weeks,840/14 vial|1200/20 vial,intravenous,55.89,L1G5 (Monoclonal Antibody Antineoplastics PD-1/PD-L1)
atezolizumab,Melanoma,1200,every 3 weeks,840/14 vial|1200/20 vial,intravenous,55.89,L1G5 (Monoclonal Antibody Antineoplastics PD-1/PD-L1)
atezolizumab,ASPS adult,1200,every 3 weeks,840/14 vial|1200/20 vial,intravenous,55.89,L1G5 (Monoclonal Antibody Antineoplastics PD-1/PD-L1)
atezolizumab,NSCLC adjuvant,1875,every 3 weeks,1875/15 vial,subcutaneous,87.33,L1G5 (Monoclonal Antibody Antineoplastics PD-1/PD-L1)
atezolizumab,NSCLC metastatic,1875,every 3 weeks,1875/15 vial,subcutaneous,87.33,L1G5 (Monoclonal Antibody Antineoplastics PD-1/PD-L1)
atezolizumab,SCLC,1875,every 3 weeks,1875/15 vial,subcutaneous,87.33,L1G5 (Monoclonal Antibody Antineoplastics PD-1/PD-L1)
atezolizumab,HCC,1875,every 3 weeks,1875/15 vial,subcutaneous,87.33,L1G5 (Monoclonal Antibody Antineoplastics PD-1/PD-L1)
atezolizumab,Melanoma,1875,every 3 weeks,1875/15 vial,subcutaneous,87.33,L1G5 (Monoclonal Antibody Antineoplastics PD-1/PD-L1)
atezolizumab,ASPS adult,1875,every 3 weeks,1875/15 vial,subcutaneous,87.33,L1G5 (Monoclonal Antibody Antineoplastics PD-1/PD-L1)
atoltivimab,Orthoebolavirus zairense infection,3500,single dose,241.7/14.5 vial|483.3/14.5 vial,intravenous,9.59,J5B9 (Antivirals Other)
avelumab,Merkel Cell Carcinoma,800,every 2 weeks,200/10 vial,intravenous,56.99,L1G5 (Monoclonal Antibody Antineoplastics PD-1/PD-L1)
avelumab,Urothelial Carcinoma,800,every 2 weeks,200/10 vial,intravenous,56.99,L1G5 (Monoclonal Antibody Antineoplastics PD-1/PD-L1)
avelumab,Renal Cell Carcinoma,800,every 2 weeks,200/10 vial,intravenous,56.99,L1G5 (Monoclonal Antibody Antineoplastics PD-1/PD-L1)
axatilimab,chronic graft-versus-host disease (cGVHD) after failure of at least two prior lines of systemic therapy,21,every 2 weeks,9/0.18 vial|22/0.44 vial|50/mL vial,intravenous,1.5,L4X (Other Immunosupressants)
basiliximab,prophylaxis of acute organ rejection in renal transplantation,20,two doses total (day 0 and day 4),10/vial|20/vial,intravenous,0.11,L1G9 (Monoclonal Antibody Antineoplastics Other)
belantamab,"relapsed or refractory multiple myeloma who have received at least two prior lines of therapy, including a proteasome inhibitor and an immunomodulatory agent",175,every 3 weeks,70 vial,intravenous,8.33,L1G9 (Monoclonal Antibody Antineoplastics Other)
belimumab,Active systemic lupus erythematosus (SLE),700,every 4 weeks,120 vial|400 vial,intravenous,24.93,L4X (Other Immunosupressants)
belimumab,Active systemic lupus erythematosus (SLE),200,weekly,200/1 autoinjector|200/1 prefilled syringe,subcutaneous,28.49,L4X (Other Immunosupressants)
belimumab,Active lupus nephritis,700,every 4 weeks,120 vial|400 vial,intravenous,24.93,L4X (Other Immunosupressants)
belimumab,Active lupus nephritis,200,weekly,200/1 autoinjector|200/1 prefilled syringe,subcutaneous,28.49,L4X (Other Immunosupressants)
benralizumab,severe asthma with eosinophilic phenotype,30,every 8 weeks,10/0.5 syringe|30/1 syringe|30/1 pen,subcutaneous,0.49,R3M (Interleukin Inhibitor Anti-Asthmatics)
benralizumab,eosinophilic granulomatosis with polyangiitis,30,every 4 weeks,10/0.5 syringe|30/1 syringe|30/1 pen,subcutaneous,1.07,R3M (Interleukin Inhibitor Anti-Asthmatics)
bevacizumab,Metastatic colorectal cancer (with bolus-IFL),350,every 2 weeks,100/4 vial|400/16 vial,intravenous,24.93,L1G2 (Monoclonal Antibody Antineoplastics VEGF/VEGFR)
bevacizumab,Metastatic colorectal cancer (with FOLFOX4),700,every 2 weeks,100/4 vial|400/16 vial,intravenous,49.86,L1G2 (Monoclonal Antibody Antineoplastics VEGF/VEGFR)
bevacizumab,Metastatic colorectal cancer (second-line),437.5,every 2.5 weeks,100/4 vial|400/16 vial,intravenous,25.17,L1G2 (Monoclonal Antibody Antineoplastics VEGF/VEGFR)
bevacizumab,First-line non-squamous non-small cell lung cancer,1050,every 3 weeks,100/4 vial|400/16 vial,intravenous,48.9,L1G2 (Monoclonal Antibody Antineoplastics VEGF/VEGFR)
bevacizumab,Recurrent glioblastoma,700,every 2 weeks,100/4 vial|400/16 vial,intravenous,49.86,L1G2 (Monoclonal Antibody Antineoplastics VEGF/VEGFR)
bevacizumab,Metastatic renal cell carcinoma,700,every 2 weeks,100/4 vial|400/16 vial,intravenous,49.86,L1G2 (Monoclonal Antibody Antineoplastics VEGF/VEGFR)
bevacizumab,"Persistent, recurrent, or metastatic cervical cancer",1050,every 3 weeks,100/4 vial|400/16 vial,intravenous,48.9,L1G2 (Monoclonal Antibody Antineoplastics VEGF/VEGFR)
bevacizumab,"Platinum-resistant recurrent epithelial ovarian, fallopian tube or primary peritoneal cancer",875,every 2.5 weeks,100/4 vial|400/16 vial,intravenous,50.34,L1G2 (Monoclonal Antibody Antineoplastics VEGF/VEGFR)
bevacizumab,Metastatic colorectal cancer (second-line after bevacizumab progression),437.5,every 2.5 weeks,100/4 vial|400/16 vial,intravenous,25.17,L1G2 (Monoclonal Antibody Antineoplastics VEGF/VEGFR)
bevacizumab,"Stage III or IV epithelial ovarian, fallopian tube or primary peritoneal cancer",1050,every 3 weeks,100/4 vial|400/16 vial,intravenous,48.9,L1G2 (Monoclonal Antibody Antineoplastics VEGF/VEGFR)
bevacizumab,"Platinum-sensitive recurrent epithelial ovarian, fallopian tube, or primary peritoneal cancer",1050,every 3 weeks,100/4 vial|400/16 vial,intravenous,48.9,L1G2 (Monoclonal Antibody Antineoplastics VEGF/VEGFR)
bevacizumab,Hepatocellular carcinoma,1050,every 3 weeks,100/4 vial|400/16 vial,intravenous,48.9,L1G2 (Monoclonal Antibody Antineoplastics VEGF/VEGFR)
bezlotoxumab,Clostridioides difficile infection (CDI) recurrence prevention,700,single dose,1000/40 vial,intravenous,1.92,A7A (Intestinal Anti-infectives)
bimekizumab,plaque psoriasis,320,every 8 weeks,160/1 syringe|160/1 autoinjector|320/2 syringe|320/2 autoinjector,subcutaneous,5.26,L4C (Interleukin Inhibitors)
bimekizumab,plaque psoriasis (≥120kg),320,every 4 weeks,160/1 syringe|160/1 autoinjector|320/2 syringe|320/2 autoinjector,subcutaneous,11.4,L4C (Interleukin Inhibitors)
bimekizumab,psoriatic arthritis,160,every 4 weeks,160/1 syringe|160/1 autoinjector|320/2 syringe|320/2 autoinjector,subcutaneous,5.7,L4C (Interleukin Inhibitors)
bimekizumab,non-radiographic axial spondyloarthritis,160,every 4 weeks,160/1 syringe|160/1 autoinjector|320/2 syringe|320/2 autoinjector,subcutaneous,5.7,L4C (Interleukin Inhibitors)
bimekizumab,ankylosing spondylitis,160,every 4 weeks,160/1 syringe|160/1 autoinjector|320/2 syringe|320/2 autoinjector,subcutaneous,5.7,L4C (Interleukin Inhibitors)
bimekizumab,hidradenitis suppurativa,320,every 4 weeks,160/1 syringe|160/1 autoinjector|320/2 syringe|320/2 autoinjector,subcutaneous,11.4,L4C (Interleukin Inhibitors)
blinatumomab,B-cell Precursor ALL,0.028,continuous daily for 28 days followed by 14-day treatment-free interval,35 mcg vial,intravenous,0.01,L1G9 (Monoclonal Antibody Antineoplastics Other)
brentuximab,Previously untreated Stage III or IV classical Hodgkin lymphoma in combination with chemotherapy,84,every 2 weeks,50 vial,intravenous,5.98,L1G9 (Monoclonal Antibody Antineoplastics Other)
brentuximab,Classical Hodgkin lymphoma consolidation,126,every 3 weeks,50 vial,intravenous,5.87,L1G9 (Monoclonal Antibody Antineoplastics Other)
brentuximab,Relapsed classical Hodgkin lymphoma,126,every 3 weeks,50 vial,intravenous,5.87,L1G9 (Monoclonal Antibody Antineoplastics Other)
brentuximab,Previously untreated systemic ALCL or other CD30-expressing peripheral T-cell lymphomas in combination with chemotherapy,126,every 3 weeks,50 vial,intravenous,5.87,L1G9 (Monoclonal Antibody Antineoplastics Other)
brentuximab,Relapsed systemic ALCL,126,every 3 weeks,50 vial,intravenous,5.87,L1G9 (Monoclonal Antibody Antineoplastics Other)
brentuximab,Relapsed primary cutaneous ALCL or CD30-expressing mycosis fungoides,126,every 3 weeks,50 vial,intravenous,5.87,L1G9 (Monoclonal Antibody Antineoplastics Other)
brentuximab,Relapsed or refractory LBCL in combination with lenalidomide and rituximab,84,every 3 weeks,50 vial,intravenous,3.91,L1G9 (Monoclonal Antibody Antineoplastics Other)
brodalumab,moderate to severe plaque psoriasis,210,every 2 weeks,210/1.5 syringe,subcutaneous,14.96,L4C (Interleukin Inhibitors)
brolucizumab,Neovascular (Wet) Age-Related Macular Degeneration (AMD),6,every 8-12 weeks,6/0.05 pre-filled syringe|6/0.05 vial,intravitreal,0.08,S1P (Ocular Antineovascularisation Products)
brolucizumab,Diabetic Macular Edema (DME),6,every 8-12 weeks,6/0.05 pre-filled syringe|6/0.05 vial,intravitreal,0.08,S1P (Ocular Antineovascularisation Products)
burosumab,X-linked hypophosphatemia,70,every 4 weeks,10/1 vial|20/1 vial|30/1 vial,subcutaneous,2.49,M5X (All Other Musculoskeletal Products)
burosumab,tumor-induced osteomalacia,35,every 4 weeks,10/1 vial|20/1 vial|30/1 vial,subcutaneous,1.25,M5X (All Other Musculoskeletal Products)
canakinumab,CAPS,150,every 8 weeks,150/1 vial,subcutaneous,2.47,L4C (Interleukin Inhibitors)
caplacizumab,acquired thrombotic thrombocytopenic purpura (aTTP),11,daily,11 vial,subcutaneous,11,B1X (Other Antithrombotic Agents)
cemiplimab,metastatic cutaneous squamous cell carcinoma,350,every 3 weeks,350/7 vial,intravenous,16.3,L1G5 (Monoclonal Antibody Antineoplastics PD-1/PD-L1)
cemiplimab,locally advanced cutaneous squamous cell carcinoma,350,every 3 weeks,350/7 vial,intravenous,16.3,L1G5 (Monoclonal Antibody Antineoplastics PD-1/PD-L1)
cemiplimab,adjuvant cutaneous squamous cell carcinoma high risk of recurrence,350,every 3 weeks for 12 weeks then 700 every 6 weeks,350/7 vial,intravenous,13.42,L1G5 (Monoclonal Antibody Antineoplastics PD-1/PD-L1)
cemiplimab,locally advanced basal cell carcinoma,350,every 3 weeks,350/7 vial,intravenous,16.3,L1G5 (Monoclonal Antibody Antineoplastics PD-1/PD-L1)
cemiplimab,metastatic basal cell carcinoma,350,every 3 weeks,350/7 vial,intravenous,16.3,L1G5 (Monoclonal Antibody Antineoplastics PD-1/PD-L1)
cemiplimab,non-small cell lung cancer,350,every 3 weeks,350/7 vial,intravenous,16.3,L1G5 (Monoclonal Antibody Antineoplastics PD-1/PD-L1)
certolizumab,Crohn's Disease,400,every 4 weeks,200/1 vial|200/1 syringe,subcutaneous,14.25,L4B (Anti-TNF Products)
certolizumab,Rheumatoid Arthritis,400,every 4 weeks,200/1 vial|200/1 syringe,subcutaneous,14.25,L4B (Anti-TNF Products)
certolizumab,Psoriatic Arthritis,400,every 4 weeks,200/1 vial|200/1 syringe,subcutaneous,14.25,L4B (Anti-TNF Products)
certolizumab,Ankylosing Spondylitis,400,every 4 weeks,200/1 vial|200/1 syringe,subcutaneous,14.25,L4B (Anti-TNF Products)
certolizumab,Non-radiographic Axial Spondyloarthritis,400,every 4 weeks,200/1 vial|200/1 syringe,subcutaneous,14.25,L4B (Anti-TNF Products)
certolizumab,Plaque Psoriasis,300,every other week,200/1 vial|200/1 syringe,subcutaneous,21.37,L4B (Anti-TNF Products)
cetuximab,Head and Neck Cancer,850,every 2 weeks,100/50 vial|200/100 vial,intravenous,60.55,L1G4 (Monoclonal Antibody Antineoplastics EGFR)
cetuximab,Colorectal Cancer,850,every 2 weeks,100/50 vial|200/100 vial,intravenous,60.55,L1G4 (Monoclonal Antibody Antineoplastics EGFR)
cetuximab,BRAF V600E Mutation-Positive Metastatic Colorectal Cancer with encorafenib,425,weekly,100/50 vial|200/100 vial,intravenous,60.55,L1G4 (Monoclonal Antibody Antineoplastics EGFR)
cosibelimab,metastatic cutaneous squamous cell carcinoma (mCSCC) or locally advanced CSCC (laCSCC) who are not candidates for curative surgery or curative radiation,1200,every 3 weeks,300/5 vial,intravenous,55.89,L1G5 (Monoclonal Antibody Antineoplastics PD-1/PD-L1)
crizanlizumab,sickle cell disease - reduce frequency of vaso-occlusive crises,350,every 4 weeks,100/10 vial,intravenous,12.47,B6X (Other Haematological Agents)
daratumumab,multiple myeloma,1120,every 4 weeks,100/5 vial|400/20 vial,intravenous,39.89,L1G9 (Monoclonal Antibody Antineoplastics Other)
daratumumab,multiple myeloma,1800,every four weeks,1800/15 vial,subcutaneous,64.11,L1G9 (Monoclonal Antibody Antineoplastics Other)
daratumumab,high-risk smoldering multiple myeloma,1800,every four weeks,1800/15 vial,subcutaneous,64.11,L1G9 (Monoclonal Antibody Antineoplastics Other)
daratumumab,light chain amyloidosis,1800,every four weeks,1800/15 vial,subcutaneous,64.11,L1G9 (Monoclonal Antibody Antineoplastics Other)
datopotamab,Locally Advanced or Metastatic EGFR-Mutated Non-Small Cell Lung Cancer (NSCLC),420,every 3 weeks,100 vial,intravenous,19.56,L1G9 (Monoclonal Antibody Antineoplastics Other)
datopotamab,"Unresectable or Metastatic, HR-Positive, HER2-Negative Breast Cancer",420,every 3 weeks,100 vial,intravenous,19.56,L1G9 (Monoclonal Antibody Antineoplastics Other)
denosumab,postmenopausal women with osteoporosis at high risk for fracture,60,every 6 months,60/1 syringe,subcutaneous,0.33,M5B9 (Other Bone Calcium Regulators)
denosumab,men with osteoporosis at high risk for fracture,60,every 6 months,60/1 syringe,subcutaneous,0.33,M5B9 (Other Bone Calcium Regulators)
denosumab,glucocorticoid-induced osteoporosis in men and women at high risk for fracture,60,every 6 months,60/1 syringe,subcutaneous,0.33,M5B9 (Other Bone Calcium Regulators)
denosumab,men at high risk for fracture receiving androgen deprivation therapy for nonmetastatic prostate cancer,60,every 6 months,60/1 syringe,subcutaneous,0.33,M5B9 (Other Bone Calcium Regulators)
denosumab,women at high risk for fracture receiving adjuvant aromatase inhibitor therapy for breast cancer,60,every 6 months,60/1 syringe,subcutaneous,0.33,M5B9 (Other Bone Calcium Regulators)
denosumab,Multiple Myeloma and Bone Metastasis from Solid Tumors,120,every 4 weeks,120/1.7 vial,subcutaneous,4.27,M5B9 (Other Bone Calcium Regulators)
denosumab,Giant Cell Tumor of Bone,120,every 4 weeks,120/1.7 vial,subcutaneous,4.27,M5B9 (Other Bone Calcium Regulators)
denosumab,Hypercalcemia of Malignancy,120,every 4 weeks,120/1.7 vial,subcutaneous,4.27,M5B9 (Other Bone Calcium Regulators)
depemokimab,severe asthma characterized by an eosinophilic phenotype,100,every 6 months,100/1 pen|100/1 syringe,subcutaneous,0.55,R3M (Interleukin Inhibitor Anti-Asthmatics)
dinutuximab,high-risk neuroblastoma,52.5,daily for 4 consecutive days per cycle,17.5/5 vial,intravenous,2.88,L1G9 (Monoclonal Antibody Antineoplastics Other)
donanemab,Alzheimer's disease,1400,every 4 weeks,350/20 vial,intravenous,49.86,N7D9 (All Other Anti-Alzheimer Products)
dostarlimab,primary advanced or recurrent endometrial cancer (combination therapy),500,"every 3 weeks for 6 cycles, then 1000 mg every 6 weeks",500/10 vial,intravenous,19.18,L1G5 (Monoclonal Antibody Antineoplastics PD-1/PD-L1)
dostarlimab,primary advanced or recurrent endometrial cancer (maintenance monotherapy),1000,every 6 weeks,500/10 vial,intravenous,21.92,L1G5 (Monoclonal Antibody Antineoplastics PD-1/PD-L1)
dostarlimab,dMMR recurrent or advanced endometrial cancer,1000,every 6 weeks,500/10 vial,intravenous,21.92,L1G5 (Monoclonal Antibody Antineoplastics PD-1/PD-L1)
dostarlimab,dMMR recurrent or advanced solid tumors,1000,every 6 weeks,500/10 vial,intravenous,21.92,L1G5 (Monoclonal Antibody Antineoplastics PD-1/PD-L1)
dupilumab,Atopic Dermatitis,300,every 2 weeks,300/2 syringe|300/2 pen|200/1.14 syringe|200/1.14 pen,subcutaneous,21.37,L4C (Interleukin Inhibitors)
dupilumab,Asthma,250,every 2 weeks,300/2 syringe|300/2 pen|200/1.14 syringe|200/1.14 pen,subcutaneous,17.81,L4C (Interleukin Inhibitors)
dupilumab,Chronic Rhinosinusitis with Nasal Polyps,300,every 2 weeks,300/2 syringe|300/2 pen|200/1.14 syringe|200/1.14 pen,subcutaneous,21.37,L4C (Interleukin Inhibitors)
dupilumab,Eosinophilic Esophagitis,300,every week,300/2 syringe|300/2 pen|200/1.14 syringe|200/1.14 pen,subcutaneous,42.74,L4C (Interleukin Inhibitors)
dupilumab,Prurigo Nodularis,300,every 2 weeks,300/2 syringe|300/2 pen|200/1.14 syringe|200/1.14 pen,subcutaneous,21.37,L4C (Interleukin Inhibitors)
dupilumab,Chronic Obstructive Pulmonary Disease,300,every 2 weeks,300/2 syringe|300/2 pen|200/1.14 syringe|200/1.14 pen,subcutaneous,21.37,L4C (Interleukin Inhibitors)
dupilumab,Chronic Spontaneous Urticaria,300,every 2 weeks,300/2 syringe|300/2 pen|200/1.14 syringe|200/1.14 pen,subcutaneous,21.37,L4C (Interleukin Inhibitors)
dupilumab,Bullous Pemphigoid,300,every 2 weeks,300/2 syringe|300/2 pen|200/1.14 syringe|200/1.14 pen,subcutaneous,21.37,L4C (Interleukin Inhibitors)
dupilumab,Allergic Fungal Rhinosinusitis,300,every 2 weeks,300/2 syringe|300/2 pen|200/1.14 syringe|200/1.14 pen,subcutaneous,21.37,L4C (Interleukin Inhibitors)
eculizumab,PNH,900,every 2 weeks,300/30 vial,intravenous,64.29,L4E (Complement Inhibitors)
eculizumab,aHUS,1200,every 2 weeks,300/30 vial,intravenous,85.71,L4E (Complement Inhibitors)
eculizumab,gMG,1200,every 2 weeks,300/30 vial,intravenous,85.71,L4E (Complement Inhibitors)
eculizumab,NMOSD,1200,every 2 weeks,300/30 vial,intravenous,85.71,L4E (Complement Inhibitors)
elotuzumab,multiple myeloma with lenalidomide and dexamethasone (1-3 prior therapies),700,every 2 weeks,300 vial|400 vial,intravenous,49.86,L1G9 (Monoclonal Antibody Antineoplastics Other)
elotuzumab,multiple myeloma with pomalidomide and dexamethasone (≥2 prior therapies including lenalidomide and proteasome inhibitor),1400,every 4 weeks,300 vial|400 vial,intravenous,49.86,L1G9 (Monoclonal Antibody Antineoplastics Other)
emapalumab,primary hemophagocytic lymphohistiocytosis,70,twice per week,10/2 vial|50/10 vial|100/20 vial|50/2 vial|100/4 vial|250/10 vial|500/20 vial,intravenous,19.95,L4X (Other Immunosuppressants)
emapalumab,hemophagocytic lymphohistiocytosis/macrophage activation syndrome in Still's disease,210,twice per week,10/2 vial|50/10 vial|100/20 vial|50/2 vial|100/4 vial|250/10 vial|500/20 vial,intravenous,59.84,L4X (Other Immunosuppressants)
emicizumab,hemophilia A prophylaxis,210,every two weeks,12/0.4|30/1|60/0.4|105/0.7|150/1|300/2,subcutaneous,14.96,B2D1 (Factor VIII Including Substitutes)
enfortumab,muscle invasive bladder cancer (MIBC) - neoadjuvant/adjuvant with pembrolizumab,87.5,days 1 and 8 of 21-day cycle,20 vial|30 vial,intravenous,3.84,L1G9 (Monoclonal Antibody Antineoplastics Other)
enfortumab,locally advanced or metastatic urothelial cancer (mUC) - combination with pembrolizumab,87.5,days 1 and 8 of 21-day cycle,20 vial|30 vial,intravenous,3.84,L1G9 (Monoclonal Antibody Antineoplastics Other)
enfortumab,locally advanced or metastatic urothelial cancer (mUC) - single agent,87.5,"days 1, 8, and 15 of 28-day cycle",20 vial|30 vial,intravenous,5.75,L1G9 (Monoclonal Antibody Antineoplastics Other)
epcoritamab,relapsed or refractory diffuse large B-cell lymphoma (DLBCL) and high-grade B-cell lymphoma,48,every 4 weeks,4/0.8 vial|48/0.8 vial,subcutaneous,1.71,L1G1 (Monoclonal Antibody Antineoplastics CD20)
epcoritamab,relapsed or refractory follicular lymphoma (FL) - monotherapy,48,every 4 weeks,4/0.8 vial|48/0.8 vial,subcutaneous,1.71,L1G1 (Monoclonal Antibody Antineoplastics CD20)
epcoritamab,relapsed or refractory follicular lymphoma (FL) - combination with lenalidomide and rituximab,48,every 4 weeks,4/0.8 vial|48/0.8 vial,subcutaneous,1.71,L1G1 (Monoclonal Antibody Antineoplastics CD20)
eptinezumab,preventive treatment of migraine,200,every 3 months,100/1 vial,intravenous,2.19,N2C2 (Anti-Migraine CGRP Antagonists)
erenumab,preventive treatment of migraine,70,once monthly,70/1 autoinjector|70/1 syringe|140/1 autoinjector|140/1 syringe,subcutaneous,2.33,N2C2 (Anti-Migraine CGRP Antagonists)
evinacumab,homozygous familial hypercholesterolemia,1050,once monthly,345/2.3 vial|1200/8 vial,intravenous,37.4,C10A9 (Lipid-Regulating Products Other)
evolocumab,CV risk reduction,420,once monthly,140/1 autoinjector|140/1 syringe|420/3.5 on-body infusor,subcutaneous,14.95,C10A4 (PCSK9 Inhibitors)
evolocumab,hypercholesterolemia,420,once monthly,140/1 autoinjector|140/1 syringe|420/3.5 on-body infusor,subcutaneous,14.95,C10A4 (PCSK9 Inhibitors)
evolocumab,HeFH,420,once monthly,140/1 autoinjector|140/1 syringe|420/3.5 on-body infusor,subcutaneous,14.95,C10A4 (PCSK9 Inhibitors)
evolocumab,HoFH,420,once monthly,140/1 autoinjector|140/1 syringe|420/3.5 on-body infusor,subcutaneous,14.95,C10A4 (PCSK9 Inhibitors)
fam-trastuzumab,HER2-Positive Metastatic Breast Cancer,378,every 3 weeks,100 vial,intravenous,18,L1G3 (Monoclonal Antibody Antineoplastics HER-2)
fam-trastuzumab,HER2-Low Metastatic Breast Cancer,378,every 3 weeks,100/1 vial,intravenous,18,L1G3 (Monoclonal Antibody Antineoplastics HER-2)
fam-trastuzumab,HER2-Ultralow Metastatic Breast Cancer,378,every 3 weeks,100 vial,intravenous,18,L1G3 (Monoclonal Antibody Antineoplastics HER-2)
fam-trastuzumab,HER2-Mutant Unresectable or Metastatic Non-Small Cell Lung Cancer,378,every 3 weeks,100 vial,intravenous,18,L1G3 (Monoclonal Antibody Antineoplastics HER-2)
fam-trastuzumab,HER2-Positive Locally Advanced or Metastatic Gastric Cancer,448,every 3 weeks,100 vial,intravenous,21.3,L1G3 (Monoclonal Antibody Antineoplastics HER-2)
fam-trastuzumab,HER2-Positive (IHC 3+) Unresectable or Metastatic Solid Tumors,378,every 3 weeks,100 vial,intravenous,18,L1G3 (Monoclonal Antibody Antineoplastics HER-2)
faricimab,Neovascular (Wet) Age-Related Macular Degeneration (nAMD),6,"every 4 weeks initially, then variable intervals",6/0.05 prefilled syringe|6/0.05 vial,intravitreal,0.1,S1P (Ocular Antineovascularisation Products)
faricimab,Diabetic Macular Edema (DME),6,"every 4 weeks initially, then variable intervals or every 8 weeks",6/0.05 prefilled syringe|6/0.05 vial,intravitreal,0.1,S1P (Ocular Antineovascularisation Products)
faricimab,Macular Edema Following Retinal Vein Occlusion (RVO),6,every 4 weeks for 6 months,6/0.05 prefilled syringe|6/0.05 vial,intravitreal,0.1,S1P (Ocular Antineovascularisation Products)
fremanezumab,preventive treatment of migraine in adults,675,every 3 months,225/1.5 autoinjector|225/1.5 syringe,subcutaneous,7.4,N2C2 (Anti-Migraine CGRP Antagonists)
galcanezumab,migraine,120,monthly,120/1 pen|120/1 syringe,subcutaneous,4.27,N2C2 (Anti-Migraine CGRP Antagonists)
galcanezumab,episodic cluster headache,300,monthly,100/1 syringe,subcutaneous,10.68,N2C2 (Anti-Migraine CGRP Antagonists)
garadacimab,hereditary angioedema prophylaxis,200,monthly,200/1.2 autoinjector|200/1.2 syringe,subcutaneous,7.12,B6D (Hereditary Angioedema Products)
gemtuzumab,newly-diagnosed CD33-positive AML (combination regimen) - consolidation,5.1,per cycle,4.5 vial,intravenous,0.06,L1G9 (Monoclonal Antibody Antineoplastics Other)
gemtuzumab,newly-diagnosed CD33-positive AML (single-agent regimen),4.5,per cycle dose,4.5 vial,intravenous,0.06,L1G9 (Monoclonal Antibody Antineoplastics Other)
gemtuzumab,relapsed or refractory CD33-positive AML,5.1,per cycle,4.5 vial,intravenous,0.06,L1G9 (Monoclonal Antibody Antineoplastics Other)
glofitamab,relapsed or refractory diffuse large B-cell lymphoma,30,every 21 days,2.5/2.5 vial|10/10 vial,intravenous,1.43,L1G1 (Monoclonal Antibody Antineoplastics CD20)
golimumab,rheumatoid arthritis,50,every 4 weeks,50/0.5 syringe|100/1.0 syringe|50/0.5 autoinjector|100/1.0 autoinjector|50/4 vial,subcutaneous,1.78,L4B (Anti-TNF Products)
golimumab,rheumatoid arthritis,140,every 8 weeks,50/0.5 syringe|100/1.0 syringe|50/0.5 autoinjector|100/1.0 autoinjector|50/4 vial,intravenous,2.3,L4B (Anti-TNF Products)
golimumab,psoriatic arthritis,50,every 4 weeks,50/0.5 syringe|100/1.0 syringe|50/0.5 autoinjector|100/1.0 autoinjector|50/4 vial,subcutaneous,1.78,L4B (Anti-TNF Products)
golimumab,psoriatic arthritis,140,every 8 weeks,50/0.5 syringe|100/1.0 syringe|50/0.5 autoinjector|100/1.0 autoinjector|50/4 vial,intravenous,2.3,L4B (Anti-TNF Products)
golimumab,ankylosing spondylitis,50,every 4 weeks,50/0.5 syringe|100/1.0 syringe|50/0.5 autoinjector|100/1.0 autoinjector|50/4 vial,subcutaneous,1.78,L4B (Anti-TNF Products)
golimumab,ankylosing spondylitis,140,every 8 weeks,50/0.5 syringe|100/1.0 syringe|50/0.5 autoinjector|100/1.0 autoinjector|50/4 vial,intravenous,2.3,L4B (Anti-TNF Products)
golimumab,ulcerative colitis,100,every 4 weeks,50/0.5 syringe|100/1.0 syringe|50/0.5 autoinjector|100/1.0 autoinjector|50/4 vial,subcutaneous,3.56,L4B (Anti-TNF Products)
guselkumab,plaque psoriasis,100,every 8 weeks,100/1 pen|200/2 pen|100/1 syringe|200/2 syringe|100/1 injector,subcutaneous,1.64,L4C (Interleukin Inhibitors)
guselkumab,psoriatic arthritis,100,every 8 weeks,100/1 pen|200/2 pen|100/1 syringe|200/2 syringe|100/1 injector,subcutaneous,1.64,L4C (Interleukin Inhibitors)
guselkumab,ulcerative colitis,200,every 8 weeks,100/1 pen|200/2 pen|100/1 syringe|200/2 syringe|100/1 injector,subcutaneous,3.29,L4C (Interleukin Inhibitors)
guselkumab,Crohn's disease,200,every 8 weeks,100/1 pen|200/2 pen|100/1 syringe|200/2 syringe|100/1 injector,subcutaneous,3.29,L4C (Interleukin Inhibitors)
ibalizumab,HIV-1 infection in heavily treatment-experienced adults with multidrug resistant HIV-1 infection,800,every 2 weeks,200/1.33 vial,intravenous,56.99,J5C4 (HIV Antivirals Entry Inhibitors)
ibritumomab,"relapsed or refractory, low-grade or follicular B-cell non-Hodgkin's lymphoma",3.2,single course (Day 1 and Day 7-9),3.2/2 vial,intravenous,0.04,L1G1 (Monoclonal Antibody Antineoplastics CD20)
ibritumomab,previously untreated follicular NHL who achieve partial or complete response to first-line chemotherapy,3.2,single course (Day 1 and Day 7-9),3.2/2 vial,intravenous,0.04,L1G1 (Monoclonal Antibody Antineoplastics CD20)
idarucizumab,emergency surgery/urgent procedures or life-threatening bleeding,5000,single dose,2.5g/50mL vial,intravenous,13.7,B2B9 (Antidotes to Anticoagulants Other)
inebilizumab,NMOSD,300,every 6 months,100/10 vial,intravenous,1.64,N7X (All Other CNS Drugs)
inebilizumab,IgG4-RD,300,every 6 months,100/10 vial,intravenous,1.64,N7X (All Other CNS Drugs)
inebilizumab,gMG,300,every 6 months,100/10 vial,intravenous,1.64,N7X (All Other CNS Drugs)
infliximab,Crohn's Disease,350,every 8 weeks,100 vial,intravenous,5.75,L4B (Anti-TNF Products)
infliximab,Crohn's Disease,120,every two weeks,120/1 syringe|120/1 syringe with needle guard|120/1 pen,subcutaneous,8.55,L4B (Anti-TNF Products)
infliximab,Ulcerative Colitis,350,every 8 weeks,100 vial,intravenous,5.75,L4B (Anti-TNF Products)
infliximab,Ulcerative Colitis,120,every two weeks,120/1 syringe|120/1 syringe with needle guard|120/1 pen,subcutaneous,8.55,L4B (Anti-TNF Products)
infliximab,Rheumatoid Arthritis,210,every 8 weeks,100 vial,intravenous,3.45,L4B (Anti-TNF Products)
infliximab,Ankylosing Spondylitis,350,every 6 weeks,100 vial,intravenous,7.67,L4B (Anti-TNF Products)
infliximab,Psoriatic Arthritis,350,every 8 weeks,100 vial,intravenous,5.75,L4B (Anti-TNF Products)
infliximab,Plaque Psoriasis,350,every 8 weeks,100 vial,intravenous,5.75,L4B (Anti-TNF Products)
inotuzumab,relapsed or refractory CD22-positive B-cell precursor acute lymphoblastic leukemia (ALL),0.85,"days 1, 8, and 15 of each cycle",0.9 vial,intravenous,0.03,L1G9 (Monoclonal Antibody Antineoplastics Other)
ipilimumab,Unresectable or Metastatic Melanoma (single agent),210,every 3 weeks,50/10 vial|200/40 vial,intravenous,9.78,L1G9 (Monoclonal Antibody Antineoplastics Other)
ipilimumab,Unresectable or Metastatic Melanoma (with nivolumab),210,every 3 weeks,50/10 vial|200/40 vial,intravenous,9.78,L1G9 (Monoclonal Antibody Antineoplastics Other)
ipilimumab,Adjuvant Treatment of Melanoma,210,"every 3 weeks for 4 doses, then every 12 weeks",50/10 vial|200/40 vial,intravenous,3.45,L1G9 (Monoclonal Antibody Antineoplastics Other)
ipilimumab,Advanced Renal Cell Carcinoma,70,every 3 weeks,50/10 vial|200/40 vial,intravenous,3.26,L1G9 (Monoclonal Antibody Antineoplastics Other)
ipilimumab,MSI-H or dMMR Colorectal Cancer,70,every 3 weeks,50/10 vial|200/40 vial,intravenous,3.26,L1G9 (Monoclonal Antibody Antineoplastics Other)
ipilimumab,Hepatocellular Carcinoma,210,every 3 weeks,50/10 vial|200/40 vial,intravenous,9.78,L1G9 (Monoclonal Antibody Antineoplastics Other)
ipilimumab,Metastatic Non-Small Cell Lung Cancer,70,every 6 weeks,50/10 vial|200/40 vial,intravenous,1.53,L1G9 (Monoclonal Antibody Antineoplastics Other)
ipilimumab,Malignant Pleural Mesothelioma,70,every 6 weeks,50/10 vial|200/40 vial,intravenous,1.53,L1G9 (Monoclonal Antibody Antineoplastics Other)
ipilimumab,Esophageal Squamous Cell Carcinoma,70,every 6 weeks,50/10 vial|200/40 vial,intravenous,1.53,L1G9 (Monoclonal Antibody Antineoplastics Other)
isatuximab,multiple myeloma with pomalidomide and dexamethasone (≥2 prior therapies),700,every 2 weeks,100/5 vial|500/25 vial,intravenous,49.86,L1G9 (Monoclonal Antibody Antineoplastics Other)
isatuximab,relapsed or refractory multiple myeloma with carfilzomib and dexamethasone (1-3 prior lines),700,every 2 weeks,100/5 vial|500/25 vial,intravenous,49.86,L1G9 (Monoclonal Antibody Antineoplastics Other)
isatuximab,"newly diagnosed multiple myeloma with bortezomib, lenalidomide, and dexamethasone (not eligible for ASCT)",700,every 4 weeks,100/5 vial|500/25 vial,intravenous,24.93,L1G9 (Monoclonal Antibody Antineoplastics Other)
ixekizumab,adult plaque psoriasis,80,every 4 weeks,80/1 autoinjector|80/1 syringe|40/0.5 syringe|20/0.25 syringe,subcutaneous,2.85,L4C (Interleukin Inhibitors)
ixekizumab,psoriatic arthritis,80,every 4 weeks,80/1 autoinjector|80/1 syringe|40/0.5 syringe|20/0.25 syringe,subcutaneous,2.85,L4C (Interleukin Inhibitors)
ixekizumab,ankylosing spondylitis,80,every 4 weeks,80/1 autoinjector|80/1 syringe|40/0.5 syringe|20/0.25 syringe,subcutaneous,2.85,L4C (Interleukin Inhibitors)
ixekizumab,non-radiographic axial spondyloarthritis,80,every 4 weeks,80/1 autoinjector|80/1 syringe|40/0.5 syringe|20/0.25 syringe,subcutaneous,2.85,L4C (Interleukin Inhibitors)
lanadelumab,hereditary angioedema prophylaxis,300,every 2 weeks,150/1 syringe|300/2 syringe|300/2 vial,subcutaneous,21.37,B6D (Hereditary Angioedema Products)
lebrikizumab,moderate-to-severe atopic dermatitis,250,every 4 weeks,250/2 pen|250/2 syringe,subcutaneous,8.9,D5X (Other Nonsteroidal Products For Inflammatory Skin Disorders)
lecanemab,Alzheimer's disease,700,every 4 weeks,500/5 vial|200/2 vial,intravenous,24.93,N7D9 (All Other Anti-Alzheimer Products)
lecanemab,Alzheimer's disease,360,weekly,360/1.8 autoinjector,subcutaneous,51.29,N7D9 (All Other Anti-Alzheimer Products)
loncastuximab,relapsed or refractory large B-cell lymphoma after two or more lines of systemic therapy,5.25,every 3 weeks,10 vial,intravenous,0.24,L1G9 (Monoclonal Antibody Antineoplastics Other)
margetuximab,metastatic HER2-positive breast cancer,1050,every 3 weeks,250/10 vial,intravenous,48.9,L1G3 (Monoclonal Antibody Antineoplastics HER-2)
marstacimab,hemophilia A (congenital factor VIII deficiency) without factor VIII inhibitors,150,weekly,150/1 prefilled syringe|150/1 prefilled pen,subcutaneous,21.37,B2D3 (Haemophilia Anti-Inhibitor Products)
marstacimab,hemophilia B (congenital factor IX deficiency) without factor IX inhibitors,150,weekly,150/1 prefilled syringe|150/1 prefilled pen,subcutaneous,21.37,B2D3 (Haemophilia Anti-Inhibitor Products)
mepolizumab,severe asthma,100,every 4 weeks,100/1 vial|100/1 autoinjector|100/1 syringe,subcutaneous,3.56,R3M (Interleukin Inhibitor Anti-Asthmatics)
mepolizumab,chronic rhinosinusitis with nasal polyps,100,every 4 weeks,100/1 vial|100/1 autoinjector|100/1 syringe,subcutaneous,3.56,R3M (Interleukin Inhibitor Anti-Asthmatics)
mepolizumab,chronic obstructive pulmonary disease,100,every 4 weeks,100/1 vial|100/1 autoinjector|100/1 syringe,subcutaneous,3.56,R3M (Interleukin Inhibitor Anti-Asthmatics)
mepolizumab,eosinophilic granulomatosis with polyangiitis,300,every 4 weeks,100/1 vial|100/1 autoinjector|100/1 syringe,subcutaneous,10.68,R3M (Interleukin Inhibitor Anti-Asthmatics)
mepolizumab,hypereosinophilic syndrome,300,every 4 weeks,100/1 vial|100/1 autoinjector|100/1 syringe,subcutaneous,10.68,R3M (Interleukin Inhibitor Anti-Asthmatics)
mirikizumab,moderately to severely active ulcerative colitis,200,every 4 weeks,100/1 pen|100/1 syringe|200/2 pen|200/2 syringe,subcutaneous,7.12,L4C (Interleukin Inhibitors)
mirikizumab,moderately to severely active Crohn's disease,300,every 4 weeks,100/1 pen|100/1 syringe|200/2 pen|200/2 syringe,subcutaneous,10.68,L4C (Interleukin Inhibitors)
mirvetuximab,"folate receptor-alpha (FRα) positive, platinum-resistant epithelial ovarian, fallopian tube, or primary peritoneal cancer",420,every 3 weeks,100/20 vial,intravenous,19.56,L1G9 (Monoclonal Antibody Antineoplastics Other)
mogamulizumab,relapsed or refractory mycosis fungoides or Sézary syndrome after at least one prior systemic therapy,70,every 2 weeks,20/5 vial,intravenous,4.99,L1G9 (Monoclonal Antibody Antineoplastics Other)
mosunetuzumab,relapsed or refractory follicular lymphoma after two or more lines of systemic therapy,30,every 21 days,1/1 vial|30/30 vial,intravenous,1.4,L1G9 (Monoclonal Antibody Antineoplastics Other)
narsoplimab,hematopoietic stem cell transplant-associated thrombotic microangiopathy (TA-TMA),370,once weekly,370/2 vial,intravenous,52.71,L4X (Other Immunosuppressants)
natalizumab,Multiple Sclerosis,300,every 4 weeks,300/15 vial,intravenous,10.68,N7A (Multiple Sclerosis Products)
natalizumab,Crohn's Disease,300,every 4 weeks,300/15 vial,intravenous,10.68,N7A (Multiple Sclerosis Products)
naxitamab,relapsed or refractory high-risk neuroblastoma in the bone or bone marrow,150,"days 1, 3, and 5 every 4 weeks",40/10 vial,intravenous,16.03,L1G9 (Monoclonal Antibody Antineoplastics Other)
necitumumab,metastatic squamous non-small cell lung cancer,800,days 1 and 8 of each 3-week cycle,800/50 vial,intravenous,35.07,L1G4 (Monoclonal Antibody Antineoplastics EGFR)
nemolizumab,prurigo nodularis,30,every 4 weeks,30 pen,subcutaneous,0.82,D5X (Other Nonsteroidal Products For Inflammatory Skin Disorders)
nemolizumab,atopic dermatitis,30,every 4 weeks,30 pen,subcutaneous,0.82,D5X (Other Nonsteroidal Products For Inflammatory Skin Disorders)
nipocalimab,generalized myasthenia gravis (gMG) in adult and pediatric patients 12 years of age and older who are anti-acetylcholine receptor (AChR) or anti-muscle-specific tyrosine kinase (MuSK) antibody positive,1050,every two weeks,300/1.62 vial|1200/6.5 vial,intravenous,74.79,M5X (All Other Musculoskeletal Products)
nivolumab,unresectable or metastatic melanoma,480,every 4 weeks,240/20 vial,intravenous,17.1,L1G5 (Monoclonal Antibody Antineoplastics PD-1/PD-L1)
nivolumab,Metastatic NSCLC,480,every 4 weeks,240/20 vial,intravenous,17.1,L1G5 (Monoclonal Antibody Antineoplastics PD-1/PD-L1)
nivolumab,Advanced RCC,480,every 4 weeks,240/20 vial,intravenous,17.1,L1G5 (Monoclonal Antibody Antineoplastics PD-1/PD-L1)
nivolumab,Classical Hodgkin lymphoma,480,every 4 weeks,240/20 vial,intravenous,17.1,L1G5 (Monoclonal Antibody Antineoplastics PD-1/PD-L1)
nivolumab,Squamous cell carcinoma of the head and neck,480,every 4 weeks,240/20 vial,intravenous,17.1,L1G5 (Monoclonal Antibody Antineoplastics PD-1/PD-L1)
nivolumab,First-line unresectable or metastatic urothelial carcinoma,480,every 4 weeks,240/20 vial,intravenous,17.1,L1G5 (Monoclonal Antibody Antineoplastics PD-1/PD-L1)
nivolumab,MSI-H or dMMR metastatic colorectal cancer,480,every 4 weeks,240/20 vial,intravenous,17.1,L1G5 (Monoclonal Antibody Antineoplastics PD-1/PD-L1)
obiltoxaximab,inhalational anthrax treatment,1120,single dose,600/6 vial,intravenous,3.07,J1X9 (All Other Antibacterials)
obiltoxaximab,inhalational anthrax prophylaxis,1120,single dose,600/6 vial,intravenous,3.07,J1X9 (All Other Antibacterials)
obinutuzumab,Chronic Lymphocytic Leukemia,1000,every 28 days,1000/40 vial,intravenous,35.61,L1G1 (Monoclonal Antibody Antineoplastics CD20)
obinutuzumab,Follicular Lymphoma,1000,every 2 months for up to 2 years,1000/40 vial,intravenous,16.44,L1G1 (Monoclonal Antibody Antineoplastics CD20)
obinutuzumab,Active Lupus Nephritis,1000,every 6 months,1000/40 vial,intravenous,5.48,L1G1 (Monoclonal Antibody Antineoplastics CD20)
ocrelizumab,Relapsing forms of multiple sclerosis,600,every 6 months,300/10 vial,intravenous,3.29,N7A (Multiple Sclerosis Products)
ocrelizumab,Primary progressive MS,600,every 6 months,300/10 vial,intravenous,3.29,N7A (Multiple Sclerosis Products)
ocrelizumab,Relapsing forms of multiple sclerosis,920,every 6 months,920/23 vial,subcutaneous,5.04,N7A (Multiple Sclerosis Products)
ocrelizumab,Primary progressive MS,920,every 6 months,920/23 vial,subcutaneous,5.04,N7A (Multiple Sclerosis Products)
ofatumumab,relapsing forms of multiple sclerosis,20,monthly,20/0.4 pen|20/0.4 syringe,subcutaneous,0.71,L1G1 (Monoclonal Antibody Antineoplastics CD20)
omalizumab,asthma,150,every 2 or 4 weeks,75/0.5 syringe|150/1 syringe|300/2 syringe|75/0.5 autoinjector|150/1 autoinjector|300/2 autoinjector|150 vial,subcutaneous,6.99,R3X2 (All Other Anti-Asthmatics and COPD Products Systemic)
omalizumab,chronic rhinosinusitis with nasal polyps,300,every 2 or 4 weeks,75/0.5 syringe|150/1 syringe|300/2 syringe|75/0.5 autoinjector|150/1 autoinjector|300/2 autoinjector|150 vial,subcutaneous,13.97,R3X2 (All Other Anti-Asthmatics and COPD Products Systemic)
omalizumab,IgE-mediated food allergy,300,every 2 or 4 weeks,75/0.5 syringe|150/1 syringe|300/2 syringe|75/0.5 autoinjector|150/1 autoinjector|300/2 autoinjector|150 vial,subcutaneous,13.97,R3X2 (All Other Anti-Asthmatics and COPD Products Systemic)
panitumumab,RAS Wild-Type mCRC (first-line with FOLFOX),420,every 14 days,100/5 vial|400/20 vial,intravenous,29.92,L1G4 (Monoclonal Antibody Antineoplastics EGFR)
panitumumab,RAS Wild-Type mCRC (monotherapy after progression),420,every 14 days,100/5 vial|400/20 vial,intravenous,29.92,L1G4 (Monoclonal Antibody Antineoplastics EGFR)
panitumumab,KRAS G12C-mutated mCRC (with sotorasib),420,every 14 days,100/5 vial|400/20 vial,intravenous,29.92,L1G4 (Monoclonal Antibody Antineoplastics EGFR)
pembrolizumab,Melanoma (unresectable or metastatic),400,every 6 weeks,100/4 vial,intravenous,8.77,L1G5 (Monoclonal Antibody Antineoplastics PD-1/PD-L1)
pembrolizumab,Melanoma (adjuvant),400,every 6 weeks,100/4 vial,intravenous,8.77,L1G5 (Monoclonal Antibody Antineoplastics PD-1/PD-L1)
pembrolizumab,Non-Small Cell Lung Cancer,400,every 6 weeks,100/4 vial,intravenous,8.77,L1G5 (Monoclonal Antibody Antineoplastics PD-1/PD-L1)
pembrolizumab,Malignant Pleural Mesothelioma,400,every 6 weeks,100/4 vial,intravenous,8.77,L1G5 (Monoclonal Antibody Antineoplastics PD-1/PD-L1)
pembrolizumab,Head and Neck Squamous Cell Cancer,400,every 6 weeks,100/4 vial,intravenous,8.77,L1G5 (Monoclonal Antibody Antineoplastics PD-1/PD-L1)
pembrolizumab,Classical Hodgkin Lymphoma,400,every 6 weeks,100/4 vial,intravenous,8.77,L1G5 (Monoclonal Antibody Antineoplastics PD-1/PD-L1)
pembrolizumab,Primary Mediastinal Large B-Cell Lymphoma,400,every 6 weeks,100/4 vial,intravenous,8.77,L1G5 (Monoclonal Antibody Antineoplastics PD-1/PD-L1)
pembrolizumab,Urothelial Cancer,400,every 6 weeks,100/4 vial,intravenous,8.77,L1G5 (Monoclonal Antibody Antineoplastics PD-1/PD-L1)
pembrolizumab,Microsatellite Instability-High or Mismatch Repair Deficient Cancer,400,every 6 weeks,100/4 vial,intravenous,8.77,L1G5 (Monoclonal Antibody Antineoplastics PD-1/PD-L1)
pembrolizumab,Microsatellite Instability-High or Mismatch Repair Deficient Colorectal Cancer,400,every 6 weeks,100/4 vial,intravenous,8.77,L1G5 (Monoclonal Antibody Antineoplastics PD-1/PD-L1)
pembrolizumab,Gastric Cancer,400,every 6 weeks,100/4 vial,intravenous,8.77,L1G5 (Monoclonal Antibody Antineoplastics PD-1/PD-L1)
pembrolizumab,Esophageal Cancer,400,every 6 weeks,100/4 vial,intravenous,8.77,L1G5 (Monoclonal Antibody Antineoplastics PD-1/PD-L1)
pembrolizumab,Cervical Cancer,400,every 6 weeks,100/4 vial,intravenous,8.77,L1G5 (Monoclonal Antibody Antineoplastics PD-1/PD-L1)
pembrolizumab,Hepatocellular Carcinoma,400,every 6 weeks,100/4 vial,intravenous,8.77,L1G5 (Monoclonal Antibody Antineoplastics PD-1/PD-L1)
pembrolizumab,Biliary Tract Cancer,400,every 6 weeks,100/4 vial,intravenous,8.77,L1G5 (Monoclonal Antibody Antineoplastics PD-1/PD-L1)
pembrolizumab,Merkel Cell Carcinoma,400,every 6 weeks,100/4 vial,intravenous,8.77,L1G5 (Monoclonal Antibody Antineoplastics PD-1/PD-L1)
pembrolizumab,Renal Cell Carcinoma,400,every 6 weeks,100/4 vial,intravenous,8.77,L1G5 (Monoclonal Antibody Antineoplastics PD-1/PD-L1)
pembrolizumab,Endometrial Carcinoma,400,every 6 weeks,100/4 vial,intravenous,8.77,L1G5 (Monoclonal Antibody Antineoplastics PD-1/PD-L1)
pembrolizumab,Tumor Mutational Burden-High Cancer,400,every 6 weeks,100/4 vial,intravenous,8.77,L1G5 (Monoclonal Antibody Antineoplastics PD-1/PD-L1)
pembrolizumab,Cutaneous Squamous Cell Carcinoma,400,every 6 weeks,100/4 vial,intravenous,8.77,L1G5 (Monoclonal Antibody Antineoplastics PD-1/PD-L1)
pembrolizumab,Triple-Negative Breast Cancer,400,every 6 weeks,100/4 vial,intravenous,8.77,L1G5 (Monoclonal Antibody Antineoplastics PD-1/PD-L1)
pembrolizumab,Ovarian Cancer,400,every 6 weeks,100/4 vial,intravenous,8.77,L1G5 (Monoclonal Antibody Antineoplastics PD-1/PD-L1)
penpulimab,recurrent or metastatic non-keratinizing nasopharyngeal carcinoma,200,every 3 weeks,100/10 vial,intravenous,9.32,L1G5 (Monoclonal Antibody Antineoplastics PD-1/PD-L1)
penpulimab,metastatic non-keratinizing nasopharyngeal carcinoma with disease progression,200,every 2 weeks,100/10 vial,intravenous,14.25,L1G5 (Monoclonal Antibody Antineoplastics PD-1/PD-L1)
pertuzumab,HER2-positive breast cancer,420,every 3 weeks,420/14 vial,intravenous,19.56,L1G3 (Monoclonal Antibody Antineoplastics HER-2)
pertuzumab,breast cancer,600,every 3 weeks,600/10 vial,subcutaneous,27.95,L1G3 (Monoclonal Antibody Antineoplastics HER-2)
polatuzumab,"Previously Untreated DLBCL, NOS or HGBL",126,every 21 days,30/vial|140/vial,intravenous,5.87,L1G9 (Monoclonal Antibody Antineoplastics Other)
polatuzumab,"Relapsed or Refractory DLBCL, NOS",126,every 21 days,30/vial|140/vial,intravenous,5.87,L1G9 (Monoclonal Antibody Antineoplastics Other)
pozelimab,"CD55-deficient protein-losing enteropathy (PLE), also known as CHAPLE disease",700,once weekly,400/2 vial,subcutaneous,99.73,L4E (Complement Inhibitors)
ramucirumab,gastric cancer,560,every 2 weeks,100/10 vial|500/50 vial,intravenous,39.89,L1G2 (Monoclonal Antibody Antineoplastics VEGF/VEGFR)
ramucirumab,non-small cell lung cancer,700,every 2.5 weeks,100/10 vial|500/50 vial,intravenous,40.27,L1G2 (Monoclonal Antibody Antineoplastics VEGF/VEGFR)
ramucirumab,colorectal cancer,560,every 2 weeks,100/10 vial|500/50 vial,intravenous,39.89,L1G2 (Monoclonal Antibody Antineoplastics VEGF/VEGFR)
ramucirumab,hepatocellular carcinoma,560,every 2 weeks,100/10 vial|500/50 vial,intravenous,39.89,L1G2 (Monoclonal Antibody Antineoplastics VEGF/VEGFR)
ranibizumab,Neovascular (Wet) Age-Related Macular Degeneration (AMD),0.5,monthly,0.5/0.05 prefilled syringe|0.5/0.05 vial,intravitreal,0.02,S1P (Ocular Antineovascularisation Products)
ranibizumab,Macular Edema Following Retinal Vein Occlusion (RVO),0.5,monthly,0.5/0.05 prefilled syringe|0.5/0.05 vial,intravitreal,0.02,S1P (Ocular Antineovascularisation Products)
ranibizumab,Diabetic Macular Edema (DME),0.3,monthly,0.3/0.05 prefilled syringe|0.3/0.05 vial,intravitreal,0.01,S1P (Ocular Antineovascularisation Products)
ranibizumab,Diabetic Retinopathy (DR),0.3,monthly,0.3/0.05 prefilled syringe|0.3/0.05 vial,intravitreal,0.01,S1P (Ocular Antineovascularisation Products)
ranibizumab,Myopic Choroidal Neovascularization (mCNV),0.5,monthly for up to 3 months,0.5/0.05 prefilled syringe|0.5/0.05 vial,intravitreal,0.01,S1P (Ocular Antineovascularisation Products)
ravulizumab,paroxysmal nocturnal hemoglobinuria,3600,every 8 weeks,300/3 vial|1100/11 vial,intravenous,59.18,L4E (Complement Inhibitors)
ravulizumab,atypical hemolytic uremic syndrome,3600,every 8 weeks,300/3 vial|1100/11 vial,intravenous,59.18,L4E (Complement Inhibitors)
ravulizumab,generalized myasthenia gravis,3600,every 8 weeks,300/3 vial|1100/11 vial,intravenous,59.18,L4E (Complement Inhibitors)
ravulizumab,neuromyelitis optica spectrum disorder,3600,every 8 weeks,300/3 vial|1100/11 vial,intravenous,59.18,L4E (Complement Inhibitors)
raxibacumab,inhalational anthrax treatment,2800,single dose,1700/34 vial,intravenous,7.67,J1X9 (All Other Antibacterials)
raxibacumab,inhalational anthrax prophylaxis,2800,single dose,1700/34 vial,intravenous,7.67,J1X9 (All Other Antibacterials
reslizumab,severe asthma with eosinophilic phenotype,210,every 4 weeks,100/10 vial,intravenous,7.48,R3M (Interleukin Inhibitor Anti-Asthmatics)
retifanlimab,Squamous Cell Carcinoma of the Anal Canal (combination therapy),437.5,every 3.5 weeks,500/20 vial,intravenous,16.78,L1G5 (Monoclonal Antibody Antineoplastics PD-1/PD-L1)
retifanlimab,Squamous Cell Carcinoma of the Anal Canal (monotherapy),437.5,every 3.5 weeks,500/20 vial,intravenous,16.78,L1G5 (Monoclonal Antibody Antineoplastics PD-1/PD-L1)
retifanlimab,Merkel Cell Carcinoma,500,every 4 weeks,500/20 vial,intravenous,17.81,L1G5 (Monoclonal Antibody Antineoplastics PD-1/PD-L1)
risankizumab,plaque psoriasis,150,every 12 weeks,150/1 pen|150/1 syringe,subcutaneous,1.64,L4C (Interleukin Inhibitors)
risankizumab,psoriatic arthritis,150,every 12 weeks,150/1 pen|150/1 syringe,subcutaneous,1.64,L4C (Interleukin Inhibitors)
rituximab,"Non-Hodgkin's Lymphoma - Relapsed or refractory, low-grade or follicular",637.75,weekly for 4 or 8 doses,100/10 vial|500/50 vial,intravenous,10.48,L1G1 (Monoclonal Antibody Antineoplastics CD20)
rituximab,Non-Hodgkin's Lymphoma - Previously untreated follicular maintenance,637.75,every 8 weeks for 12 doses,100/10 vial|500/50 vial,intravenous,10.48,L1G1 (Monoclonal Antibody Antineoplastics CD20)
rituximab,Non-Hodgkin's Lymphoma - Non-progressing low-grade after CVP,637.75,weekly for 4 doses at 6-month intervals,100/10 vial|500/50 vial,intravenous,13.98,L1G1 (Monoclonal Antibody Antineoplastics CD20)
rituximab,Non-Hodgkin's Lymphoma - Diffuse large B-cell,638,Day 1 of each cycle for up to 8 infusions,100/10 vial|500/50 vial,intravenous,10.48,L1G1 (Monoclonal Antibody Antineoplastics CD20)
rituximab,Chronic Lymphocytic Leukemia,850,every 28 days,100/10 vial|500/50 vial,intravenous,13.98,L1G1 (Monoclonal Antibody Antineoplastics CD20)
rituximab,Zevalin therapeutic regimen,425,per Zevalin package insert,100/10 vial|500/50 vial,intravenous,4.66,L1G1 (Monoclonal Antibody Antineoplastics CD20)
rituximab,Rheumatoid Arthritis,1000,"two doses separated by 2 weeks, every 24 weeks",100/10 vial|500/50 vial,intravenous,5.48,L1G1 (Monoclonal Antibody Antineoplastics CD20)
rituximab,GPA/MPA - induction treatment,638,weekly for 4 weeks,100/10 vial|500/50 vial,intravenous,7,L1G1 (Monoclonal Antibody Antineoplastics CD20)
rituximab,GPA/MPA - follow up treatment,500,every 6 months,100/10 vial|500/50 vial,intravenous,2.74,L1G1 (Monoclonal Antibody Antineoplastics CD20)
rituximab,Pemphigus Vulgaris,500,at Month 12 and every 6 months thereafter,100/10 vial|500/50 vial,intravenous,2.74,L1G1 (Monoclonal Antibody Antineoplastics CD20)
rituximab,Follicular Lymphoma - maintenance therapy,1400,every 8 weeks,1400/11.7 vial,subcutaneous,23.01,L1G1 (Monoclonal Antibody Antineoplastics CD20)
rituximab,Non-progressing Follicular Lymphoma after CVP,1400,once weekly for 3 weeks at 6 month intervals,1400/11.7 vial,subcutaneous,23.01,L1G1 (Monoclonal Antibody Antineoplastics CD20)
romosozumab,osteoporosis in postmenopausal women at high risk for fracture,210,once monthly,105/1.17 syringe,subcutaneous,7.48,M5X (All Other Musculoskeletal Products)
rozanolixizumab,generalized myasthenia gravis (gMG) in adult patients who are anti-acetylcholine receptor (AChR) or anti-muscle-specific tyrosine kinase (MuSK) antibody positive,630,once weekly for 6 weeks,280/2 vial|420/3 vial|560/4 vial|840/6 vial,subcutaneous,10.36,M5X (All Other Musculoskeletal Products)
sacituzumab,Unresectable locally advanced or metastatic triple-negative breast cancer (mTNBC) who have received two or more prior systemic therapies,700,weekly on Days 1 and 8 of 21-day cycles,180 vial,intravenous,30.68,L1G9 (Monoclonal Antibody Antineoplastics Other)
sacituzumab,"Unresectable locally advanced or metastatic hormone receptor (HR)-positive, human epidermal growth factor receptor 2 (HER2)-negative breast cancer",700,weekly on Days 1 and 8 of 21-day cycles,180 vial,intravenous,30.68,L1G9 (Monoclonal Antibody Antineoplastics Other)
sarilumab,rheumatoid arthritis,200,every 2 weeks,150/1.14 syringe|200/1.14 syringe|150/1.14 pen|200/1.14 pen,subcutaneous,14.25,L4C (Interleukin Inhibitors)
sarilumab,polymyalgia rheumatica,200,every 2 weeks,150/1.14 syringe|200/1.14 syringe|150/1.14 pen|200/1.14 pen,subcutaneous,14.25,L4C (Interleukin Inhibitors)
satralizumab,neuromyelitis optica spectrum disorder (NMOSD) in adult patients who are anti-aquaporin-4 (AQP4) antibody positive,120,every 4 weeks,120/1 syringe,subcutaneous,4.27,N7X (All Other CNS Drugs)
sibeprenlimab,primary immunoglobulin A nephropathy (IgAN),400,every 4 weeks,400/2 syringe,subcutaneous,14.25,G4X (All Other Urological Products)
siltuximab,multicentric Castleman's disease (MCD) who are HIV negative and HHV-8 negative,770,every 3 weeks,100 vial|400 vial,intravenous,35.86,L1G9 (Monoclonal Antibody Antineoplastics Other)
spesolimab,generalized pustular psoriasis (GPP) maintenance,300,every 4 weeks,300/2 prefilled syringe|150/1 prefilled syringe,subcutaneous,10.68,L4C (Interleukin Inhibitors)
spesolimab,generalized pustular psoriasis (GPP) flare,900,single dose,450/7.5 vial,intravenous,2.47,L4C (Interleukin Inhibitors)
sutimlimab,cold agglutinin disease,7000,every 2 weeks,1100/22 vial,intravenous,350,B3X (Other Anti-Anaemic Products Including Folic Acid Folinic Acid)
tafasitamab,relapsed or refractory diffuse large B-cell lymphoma (DLBCL),840,every 2 weeks,200 vial,intravenous,59.84,L1G9 (Monoclonal Antibody Antineoplastics Other)
talquetamab,relapsed or refractory multiple myeloma,56,every 2 weeks,3/1.5 vial|40/1 vial,subcutaneous,3.99,L1G9 (Monoclonal Antibody Antineoplastics Other)
teclistamab,relapsed or refractory multiple myeloma in combination with daratumumab and hyaluronidase-fihj,210,every 4 weeks,30/3 vial|153/1.7 vial,subcutaneous,7.48,L1G9 (Monoclonal Antibody Antineoplastics Other)
teclistamab,relapsed or refractory multiple myeloma monotherapy,105,weekly,30/3 vial|153/1.7 vial,subcutaneous,14.96,L1G9 (Monoclonal Antibody Antineoplastics Other)
telisotuzumab,"locally advanced or metastatic, non-squamous non-small cell lung cancer (NSCLC) with high c-Met protein overexpression",133,every 2 weeks,20 vial|100 vial,intravenous,9.47,L1G9 (Monoclonal Antibody Antineoplastics Other)
teplizumab,delay onset of Stage 3 type 1 diabetes in Stage 2 type 1 diabetes,1.75,daily for 14 days,2/2 vial,intravenous,0.07,A10X9 (Other Drugs Used in Diabetes)
teprotumumab,Thyroid Eye Disease,1400,every 3 weeks,500 vial,intravenous,65.21,S1R (Ophthalmic Non-Steroidal Anti-Inflammatories)
tezepelumab,severe asthma,210,every 4 weeks,210/1.91 vial|210/1.91 syringe|210/1.91 pen,subcutaneous,7.48,R3X2 (All Other Anti-Asthmatics and COPD Products Systemic)
tezepelumab,chronic rhinosinusitis with nasal polyps,210,every 4 weeks,210/1.91 vial|210/1.91 syringe|210/1.91 pen,subcutaneous,7.48,R3X2 (All Other Anti-Asthmatics and COPD Products Systemic)
tildrakizumab,moderate-to-severe plaque psoriasis,100,every 12 weeks,100/1 syringe,subcutaneous,1.1,D5B (Systemic Antipsoriasis Products)
tislelizumab,Esophageal Cancer - First-Line Treatment,200,every 3 weeks,100/10 vial,intravenous,9.32,L1G5 (Monoclonal Antibody Antineoplastics PD-1/PD-L1)
tislelizumab,Esophageal Cancer - Previously Treated,200,every 3 weeks,100/10 vial,intravenous,9.32,L1G5 (Monoclonal Antibody Antineoplastics PD-1/PD-L1)
tislelizumab,Gastric Cancer,200,every 3 weeks,100/10 vial,intravenous,9.32,L1G5 (Monoclonal Antibody Antineoplastics PD-1/PD-L1)
tisotumab,recurrent or metastatic cervical cancer with disease progression on or after chemotherapy,140,every 3 weeks,40 vial,intravenous,6.52,L1G9 (Monoclonal Antibody Antineoplastics Other)
tocilizumab,Rheumatoid Arthritis,280,every 4 weeks,80/4 vial|200/10 vial|400/20 vial|162/0.9 prefilled syringe|162/0.9 prefilled autoinjector,intravenous,9.97,M1C (Specific Anti-Rheumatic Agents)
tocilizumab,Rheumatoid Arthritis,162,every other week,80/4 vial|200/10 vial|400/20 vial|162/0.9 prefilled syringe|162/0.9 prefilled autoinjector,subcutaneous,11.54,M1C (Specific Anti-Rheumatic Agents)
tocilizumab,Giant Cell Arteritis,420,every 4 weeks,80/4 vial|200/10 vial|400/20 vial|162/0.9 prefilled syringe|162/0.9 prefilled autoinjector,intravenous,14.96,M1C (Specific Anti-Rheumatic Agents)
tocilizumab,Giant Cell Arteritis,162,every other week,80/4 vial|200/10 vial|400/20 vial|162/0.9 prefilled syringe|162/0.9 prefilled autoinjector,subcutaneous,11.54,M1C (Specific Anti-Rheumatic Agents)
tocilizumab,Systemic Sclerosis-Associated Interstitial Lung Disease,162,every week,80/4 vial|200/10 vial|400/20 vial|162/0.9 prefilled syringe|162/0.9 prefilled autoinjector,subcutaneous,23.08,M1C (Specific Anti-Rheumatic Agents)
tocilizumab,Cytokine Release Syndrome,560,single dose,80/4 vial|200/10 vial|400/20 vial|162/0.9 prefilled syringe|162/0.9 prefilled autoinjector,intravenous,1.53,M1C (Specific Anti-Rheumatic Agents)
tocilizumab,COVID-19,560,single dose,80/4 vial|200/10 vial|400/20 vial|162/0.9 prefilled syringe|162/0.9 prefilled autoinjector,intravenous,1.53,M1C (Specific Anti-Rheumatic Agents)
toripalimab,"First-line Treatment of Metastatic or Recurrent, Locally Advanced NPC with Cisplatin and Gemcitabine",240,every three weeks,240/6 vial,intravenous,11.18,L1G5 (Monoclonal Antibody Antineoplastics PD-1/PD-L1)
toripalimab,Previously Treated Unresectable or Metastatic NPC,210,every two weeks,240/6 vial,intravenous,14.96,L1G5 (Monoclonal Antibody Antineoplastics PD-1/PD-L1)
tralokinumab,moderate-to-severe atopic dermatitis,300,every other week,150/1 syringe|300/2 autoinjector,subcutaneous,21.37,D5X (Other Nonsteroidal Products For Inflammatory Skin Disorders)
trastuzumab,Adjuvant Breast Cancer,280,weekly,150 vial|440 vial,intravenous,39.9,L1G3 (Monoclonal Antibody Antineoplastics HER-2)
trastuzumab,Adjuvant Breast Cancer,600,every three weeks,600/5 vial,subcutaneous,27.95,L1G3 (Monoclonal Antibody Antineoplastics HER-2)
tremelimumab,unresectable hepatocellular carcinoma (uHCC),300,single dose,25/1.25 vial|300/15 vial,intravenous,0.82,L1G9 (Monoclonal Antibody Antineoplastics Other)
tremelimumab,metastatic non-small cell lung cancer (NSCLC),75,"every 3 weeks for 4 cycles, then one additional dose at week 16",25/1.25 vial|300/15 vial,intravenous,1.03,L1G9 (Monoclonal Antibody Antineoplastics Other)
ublituximab,relapsing forms of multiple sclerosis,450,every 24 weeks,150/6 vial,intravenous,2.47,N7A (Multiple Sclerosis Products)
ustekinumab,plaque psoriasis (≤100kg),45,every 12 weeks,45/0.5 syringe|90/1 syringe|45/0.5 vial|130/26 vial,subcutaneous,0.49,N7A (Multiple Sclerosis Products)
ustekinumab,plaque psoriasis (>100kg),90,every 12 weeks,45/0.5 syringe|90/1 syringe|45/0.5 vial|130/26 vial,subcutaneous,0.99,N7A (Multiple Sclerosis Products)
ustekinumab,psoriatic arthritis,45,every 12 weeks,45/0.5 syringe|90/1 syringe|45/0.5 vial|130/26 vial,subcutaneous,0.49,N7A (Multiple Sclerosis Products)
ustekinumab,psoriatic arthritis with co-existent plaque psoriasis (>100kg),90,every 12 weeks,45/0.5 syringe|90/1 syringe|45/0.5 vial|130/26 vial,subcutaneous,0.99,N7A (Multiple Sclerosis Products)
ustekinumab,Crohn's disease,90,every 8 weeks,45/0.5 syringe|90/1 syringe|45/0.5 vial|130/26 vial,subcutaneous,1.48,N7A (Multiple Sclerosis Products)
ustekinumab,ulcerative colitis,90,every 8 weeks,45/0.5 syringe|90/1 syringe|45/0.5 vial|130/26 vial,subcutaneous,1.48,N7A (Multiple Sclerosis Products)
vedolizumab,moderately to severely active ulcerative colitis,300,every 8 weeks,300 vial,intravenous,4.93,A7E9 (Inflammatory Bowel Disorder Products Other)
vedolizumab,moderately to severely active ulcerative colitis,108,every 2 weeks,108/0.68 syringe|108/0.68 pen,subcutaneous,7.69,A7E9 (Inflammatory Bowel Disorder Products Other)
vedolizumab,moderately to severely active Crohn's disease,300,every 8 weeks,300 vial,intravenous,4.93,A7E9 (Inflammatory Bowel Disorder Products Other)
vedolizumab,moderately to severely active Crohn's disease,108,every 2 weeks,108/0.68 syringe|108/0.68 pen,subcutaneous,7.69,A7E9 (Inflammatory Bowel Disorder Products Other)
vilobelimab,COVID-19,800,"Days 1, 2, 4, 8, 15, 22",200/20 vial,intravenous,13.15,L4E (Complement Inhibitors)
zanidatamab,"previously treated, unresectable or metastatic HER2-positive biliary tract cancer",1400,every 2 weeks,300 vial,intravenous,99.73,L1G3 (Monoclonal Antibody Antineoplastics HER-2)
zenocutuzumab,"Advanced, unresectable or metastatic non-small cell lung cancer (NSCLC) harboring a neuregulin 1 (NRG1) gene fusion",750,every 2 weeks,375/18.75 vial,intravenous,53.42,L1G3 (Monoclonal Antibody Antineoplastics HER-2)
zenocutuzumab,"Advanced, unresectable or metastatic pancreatic adenocarcinoma harboring a neuregulin 1 (NRG1) gene fusion",750,every 2 weeks,375/18.75 vial,intravenous,53.42,L1G3 (Monoclonal Antibody Antineoplastics HER-2)
zolbetuximab,locally advanced unresectable or metastatic HER2-negative gastric or gastroesophageal junction adenocarcinoma whose tumors are CLDN18.2 positive,680,every 3 weeks,100 vial|300 vial,intravenous,31.67,L1G9 (Monoclonal Antibody Antineoplastics Other)
